CITES_Name,CITES_species
Abeillia,1
Abeillia abeillei,1
Accipiter,1
Accipiter albogularis,1
Accipiter badius,1
Accipiter bicolor,1
Accipiter brachyurus,1
Accipiter brevipes,1
Accipiter butleri,1
Accipiter castanilius,1
Accipiter cirrhocephalus,1
Accipiter collaris,1
Accipiter cooperii,1
Accipiter erythrauchen,1
Accipiter erythropus,1
Accipiter fasciatus,1
Accipiter francesii,1
Accipiter gentilis,1
Accipiter griseiceps,1
Accipiter gularis,1
Accipiter gundlachi,1
Accipiter haplochrous,1
Accipiter henicogrammus,1
Accipiter henstii,1
Accipiter imitator,1
Accipiter luteoschistaceus,1
Accipiter madagascariensis,1
Accipiter melanochlamys,1
Accipiter melanoleucus,1
Accipiter meyerianus,1
Accipiter minullus,1
Accipiter nanus,1
Accipiter nisus,1
Accipiter novaehollandiae,1
Accipiter ovampensis,1
Accipiter poliocephalus,1
Accipiter poliogaster,1
Accipiter princeps,1
Accipiter rhodogaster,1
Accipiter rufitorques,1
Accipiter rufiventris,1
Accipiter soloensis,1
Accipiter striatus,1
Accipiter superciliosus,1
Accipiter tachiro,1
Accipiter toussenelii,1
Accipiter trinotatus,1
Accipiter trivirgatus,1
Accipiter virgatus,1
Accipitridae,1
Aceros,1
Aceros cassidix,1
Aceros corrugatus,1
Aceros leucocephalus,1
Aceros nipalensis,1
Aceros waldeni,1
Acrocephalus rodericanus,1
Adelomyia,1
Adelomyia melanogenys,1
Aegolius,1
Aegolius acadicus,1
Aegolius funereus,1
Aegolius harrisii,1
Aegolius ridgwayi,1
Aegypius,1
Aegypius monachus,1
Afrotis,1
Afrotis afra,1
Afrotis afraoides,1
Agapornis,1
Agapornis canus,1
Agapornis fischeri,1
Agapornis lilianae,1
Agapornis nigrigenis,1
Agapornis personatus,1
Agapornis pullarius,1
Agapornis roseicollis,1
Agapornis swindernianus,1
Agapornis taranta,1
Aglaeactis,1
Aglaeactis aliciae,1
Aglaeactis castelnaudii,1
Aglaeactis cupripennis,1
Aglaeactis pamela,1
Aglaiocercus,1
Aglaiocercus coelestis,1
Aglaiocercus kingi,1
Alauda arvensis,1
Alisterus,1
Alisterus amboinensis,1
Alisterus chloropterus,1
Alisterus scapularis,1
Amandava formosa,1
Amazilia,1
Amazilia alticola,1
Amazilia amabilis,1
Amazilia amazilia,1
Amazilia beryllina,1
Amazilia boucardi,1
Amazilia brevirostris,1
Amazilia candida,1
Amazilia castaneiventris,1
Amazilia chionogaster,1
Amazilia cupreicauda,1
Amazilia cyanifrons,1
Amazilia cyanocephala,1
Amazilia cyanura,1
Amazilia edward,1
Amazilia fimbriata,1
Amazilia franciae,1
Amazilia lactea,1
Amazilia leucogaster,1
Amazilia luciae,1
Amazilia rondoniae,1
Amazilia rosenbergi,1
Amazilia rutila,1
Amazilia saucerrottei,1
Amazilia tobaci,1
Amazilia tzacatl,1
Amazilia versicolor,1
Amazilia violiceps,1
Amazilia viridicauda,1
Amazilia viridifrons,1
Amazilia viridigaster,1
Amazilia yucatanensis,1
Amazona,1
Amazona aestiva,1
Amazona agilis,1
Amazona albifrons,1
Amazona amazonica,1
Amazona arausiaca,1
Amazona auropalliata,1
Amazona autumnalis,1
Amazona barbadensis,1
Amazona brasiliensis,1
Amazona collaria,1
Amazona dufresniana,1
Amazona farinosa,1
Amazona festiva,1
Amazona finschi,1
Amazona guildingii,1
Amazona imperialis,1
Amazona kawalli,1
Amazona leucocephala,1
Amazona mercenaria,1
Amazona ochrocephala,1
Amazona oratrix,1
Amazona pretrei,1
Amazona rhodocorytha,1
Amazona tucumana,1
Amazona ventralis,1
Amazona versicolor,1
Amazona vinacea,1
Amazona viridigenalis,1
Amazona vittata,1
Amazona xantholora,1
Amazona xanthops,1
Anas aucklandica,1
Anas bernieri,1
Anas chlorotis,1
Anas formosa,1
Anas laysanensis,1
Anas nesiotis,1
Androdon,1
Androdon aequatorialis,1
Anodorhynchus,1
Anodorhynchus glaucus,1
Anodorhynchus hyacinthinus,1
Anodorhynchus leari,1
Anopetia,1
Anopetia gounellei,1
Anorrhinus,1
Anorrhinus galeritus,1
Anorrhinus tickelli,1
Anthocephala,1
Anthocephala floriceps,1
Anthracoceros,1
Anthracoceros albirostris,1
Anthracoceros coronatus,1
Anthracoceros malayanus,1
Anthracoceros marchei,1
Anthracoceros montani,1
Anthracothorax,1
Anthracothorax dominicus,1
Anthracothorax mango,1
Anthracothorax nigricollis,1
Anthracothorax prevostii,1
Anthracothorax recurvirostris,1
Anthracothorax veraguensis,1
Anthracothorax viridigula,1
Anthracothorax viridis,1
Anthropoides,1
Anthropoides paradiseus,1
Anthropoides virgo,1
Aphantochroa,1
Aphantochroa cirrochloris,1
Aprosmictus,1
Aprosmictus erythropterus,1
Aprosmictus jonquillaceus,1
Aquila,1
Aquila adalberti,1
Aquila audax,1
Aquila chrysaetos,1
Aquila clanga,1
Aquila gurneyi,1
Aquila hastata,1
Aquila heliaca,1
Aquila nipalensis,1
Aquila pomarina,1
Aquila rapax,1
Aquila verreauxii,1
Ara,1
Ara ambiguus,1
Ara ararauna,1
Ara chloropterus,1
Ara glaucogularis,1
Ara macao,1
Ara militaris,1
Ara rubrogenys,1
Ara severus,1
Aratinga,1
Aratinga acuticaudata,1
Aratinga aurea,1
Aratinga auricapillus,1
Aratinga cactorum,1
Aratinga canicularis,1
Aratinga chloroptera,1
Aratinga erythrogenys,1
Aratinga euops,1
Aratinga finschi,1
Aratinga holochlora,1
Aratinga jandaya,1
Aratinga leucophthalma,1
Aratinga maculata,1
Aratinga mitrata,1
Aratinga nana,1
Aratinga pertinax,1
Aratinga solstitialis,1
Aratinga strenua,1
Aratinga wagleri,1
Aratinga weddellii,1
Archilochus,1
Archilochus alexandri,1
Archilochus colubris,1
Ardeotis,1
Ardeotis arabs,1
Ardeotis australis,1
Ardeotis kori,1
Ardeotis nigriceps,1
Argusianus argus,1
Asarcornis scutulata,1
Asio,1
Asio abyssinicus,1
Asio capensis,1
Asio flammeus,1
Asio madagascariensis,1
Asio otus,1
Asio stygius,1
Astrapia,1
Astrapia mayeri,1
Astrapia nigra,1
Astrapia rothschildi,1
Astrapia splendidissima,1
Astrapia stephaniae,1
Asturina,1
Asturina nitida,1
Athene,1
Athene brama,1
Athene cunicularia,1
Athene noctua,1
Atrichornis clamosus,1
Atthis,1
Atthis ellioti,1
Atthis heloisa,1
Augastes,1
Augastes lumachella,1
Augastes scutatus,1
Aviceda,1
Aviceda cuculoides,1
Aviceda jerdoni,1
Aviceda leuphotes,1
Aviceda madagascariensis,1
Aviceda subcristata,1
Baillonius bailloni,1
Balaeniceps rex,1
Balearica,1
Balearica pavonina,1
Balearica regulorum,1
Barnardius,1
Barnardius zonarius,1
Basilinna,1
Basilinna leucotis,1
Basilinna xantusii,1
Berenicornis,1
Berenicornis comatus,1
Boissonneaua,1
Boissonneaua flavescens,1
Boissonneaua jardini,1
Boissonneaua matthewsii,1
Bolbopsittacus,1
Bolbopsittacus lunulatus,1
Bolborhynchus,1
Bolborhynchus ferrugineifrons,1
Bolborhynchus lineola,1
Bolborhynchus orbygnesius,1
Branta canadensis leucopareia,1
Branta ruficollis,1
Branta sandvicensis,1
Brotogeris,1
Brotogeris chiriri,1
Brotogeris chrysoptera,1
Brotogeris cyanoptera,1
Brotogeris jugularis,1
Brotogeris pyrrhoptera,1
Brotogeris sanctithomae,1
Brotogeris tirica,1
Brotogeris versicolurus,1
Bubo,1
Bubo africanus,1
Bubo ascalaphus,1
Bubo blakistoni,1
Bubo bubo,1
Bubo capensis,1
Bubo cinerascens,1
Bubo coromandus,1
Bubo lacteus,1
Bubo leucostictus,1
Bubo nipalensis,1
Bubo philippensis,1
Bubo poensis,1
Bubo shelleyi,1
Bubo sumatranus,1
Bubo virginianus,1
Bubo vosseleri,1
Buceros,1
Buceros bicornis,1
Buceros hydrocorax,1
Buceros rhinoceros,1
Bugeranus,1
Bugeranus carunculatus,1
Burhinus bistriatus,1
Busarellus,1
Busarellus nigricollis,1
Butastur,1
Butastur indicus,1
Butastur liventer,1
Butastur rufipennis,1
Butastur teesa,1
Buteo,1
Buteo albicaudatus,1
Buteo albigula,1
Buteo albonotatus,1
Buteo augur,1
Buteo auguralis,1
Buteo brachypterus,1
Buteo brachyurus,1
Buteo buteo,1
Buteo galapagoensis,1
Buteogallus,1
Buteogallus aequinoctialis,1
Buteogallus anthracinus,1
Buteogallus meridionalis,1
Buteogallus subtilis,1
Buteogallus urubitinga,1
Buteo hemilasius,1
Buteo jamaicensis,1
Buteo lagopus,1
Buteo leucorrhous,1
Buteo lineatus,1
Buteo magnirostris,1
Buteo oreophilus,1
Buteo platypterus,1
Buteo poecilochrous,1
Buteo polyosoma,1
Buteo regalis,1
Buteo ridgwayi,1
Buteo rufinus,1
Buteo rufofuscus,1
Buteo socotraensis,1
Buteo solitarius,1
Buteo swainsoni,1
Buteo ventralis,1
Cacatua,1
Cacatua alba,1
Cacatua ducorpsii,1
Cacatua galerita,1
Cacatua goffiniana,1
Cacatua haematuropygia,1
Cacatua leadbeateri,1
Cacatua moluccensis,1
Cacatua ophthalmica,1
Cacatua pastinator,1
Cacatua sanguinea,1
Cacatua sulphurea,1
Cacatua tenuirostris,1
Cacatuidae,1
Calliphlox,1
Calliphlox amethystina,1
Calliphlox bryantae,1
Calliphlox evelynae,1
Calliphlox mitchellii,1
Callocephalon,1
Callocephalon fimbriatum,1
Caloenas nicobarica,1
Calothorax,1
Calothorax lucifer,1
Calothorax pulcher,1
Calypte,1
Calypte anna,1
Calypte costae,1
Calyptorhynchus,1
Calyptorhynchus banksii,1
Calyptorhynchus baudinii,1
Calyptorhynchus funereus,1
Calyptorhynchus lathami,1
Calyptorhynchus latirostris,1
Campylopterus,1
Campylopterus curvipennis,1
Campylopterus cuvierii,1
Campylopterus duidae,1
Campylopterus ensipennis,1
Campylopterus falcatus,1
Campylopterus hemileucurus,1
Campylopterus hyperythrus,1
Campylopterus largipennis,1
Campylopterus phainopeplus,1
Campylopterus rufus,1
Campylopterus villaviscensio,1
Caracara,1
Caracara cheriway,1
Caracara lutosa,1
Caracara plancus,1
Carduelis cannabina,1
Carduelis carduelis,1
Carduelis cucullata,1
Carduelis flammea,1
Carduelis hornemanni,1
Carduelis spinus,1
Carduelis yarrellii,1
Carpodacus erythrinus,1
Cathartes,1
Cathartidae,1
Catreus wallichii,1
Cephalopterus ornatus,1
Cephalopterus penduliger,1
Chaetocercus,1
Chaetocercus astreans,1
Chaetocercus berlepschi,1
Chaetocercus bombus,1
Chaetocercus heliodor,1
Chaetocercus jourdanii,1
Chaetocercus mulsanti,1
Chalcopsitta,1
Chalcopsitta atra,1
Chalcopsitta cardinalis,1
Chalcopsitta duivenbodei,1
Chalcopsitta sintillata,1
Chalcostigma,1
Chalcostigma herrani,1
Chalcostigma heteropogon,1
Chalcostigma olivaceum,1
Chalcostigma ruficeps,1
Chalcostigma stanleyi,1
Chalybura,1
Chalybura buffonii,1
Chalybura urochrysia,1
Charmosyna,1
Charmosyna aureicincta,1
Charmosyna diadema,1
Charmosyna josefinae,1
Charmosyna margarethae,1
Charmosyna meeki,1
Charmosyna multistriata,1
Charmosyna palmarum,1
Charmosyna papou,1
Charmosyna placentis,1
Charmosyna pulchella,1
Charmosyna rubrigularis,1
Charmosyna rubronotata,1
Charmosyna toxopei,1
Charmosyna wilhelminae,1
Chelictinia,1
Chelictinia riocourii,1
Chlamydotis,1
Chlamydotis macqueenii,1
Chlamydotis undulata,1
Chlorostilbon,1
Chlorostilbon alice,1
Chlorostilbon assimilis,1
Chlorostilbon auriceps,1
Chlorostilbon canivetii,1
Chlorostilbon forficatus,1
Chlorostilbon lucidus,1
Chlorostilbon maugaeus,1
Chlorostilbon mellisugus,1
Chlorostilbon notatus,1
Chlorostilbon olivaresi,1
Chlorostilbon poortmani,1
Chlorostilbon ricordii,1
Chlorostilbon russatus,1
Chlorostilbon stenurus,1
Chlorostilbon swainsonii,1
Chondrohierax,1
Chondrohierax uncinatus,1
Chondrohierax uncinatus wilsonii,1
Chrysolampis,1
Chrysolampis mosquitus,1
Chrysuronia,1
Chrysuronia oenone,1
Ciccaba,1
Ciccaba huhula,1
Ciccaba nigrolineata,1
Cicinnurus,1
Cicinnurus regius,1
Ciconia boyciana,1
Ciconia nigra,1
Circaetus,1
Circaetus beaudouini,1
Circaetus cinerascens,1
Circaetus cinereus,1
Circaetus fasciolatus,1
Circaetus gallicus,1
Circaetus pectoralis,1
Circus,1
Circus aeruginosus,1
Circus approximans,1
Circus assimilis,1
Circus buffoni,1
Circus cinereus,1
Circus cyaneus,1
Circus macrourus,1
Circus maillardi,1
Circus maurus,1
Circus melanoleucos,1
Circus pygargus,1
Circus ranivorus,1
Circus spilonotus,1
Clytolaema,1
Clytolaema rubricauda,1
Cnemophilus,1
Cnemophilus loriae,1
Cnemophilus macgregorii,1
Coeligena,1
Coeligena bonapartei,1
Coeligena coeligena,1
Coeligena helianthea,1
Coeligena iris,1
Coeligena lutetiae,1
Coeligena phalerata,1
Coeligena prunellei,1
Coeligena torquata,1
Coeligena violifer,1
Coeligena wilsoni,1
Colibri,1
Colibri coruscans,1
Colibri delphinae,1
Colibri serrirostris,1
Colibri thalassinus,1
Colinus virginianus,1
Colinus virginianus ridgwayi,1
Conuropsis,1
Coracopsis,1
Coracopsis nigra,1
Coracopsis vasa,1
Coscoroba coscoroba,1
Cotinga maculata,1
Crax alberti,1
Crax blumenbachii,1
Crax daubentoni,1
Crax globulosa,1
Crax rubra,1
Crossoptilon crossoptilon,1
Crossoptilon mantchuricum,1
Cyanoliseus,1
Cyanoliseus patagonus,1
Cyanophaia,1
Cyanophaia bicolor,1
Cyanopsitta,1
Cyanopsitta spixii,1
Cyanoramphus,1
Cyanoramphus auriceps,1
Cyanoramphus cookii,1
Cyanoramphus forbesi,1
Cyanoramphus malherbi,1
Cyanoramphus novaezelandiae,1
Cyanoramphus saisseti,1
Cyanoramphus unicolor,1
Cyclopsitta,1
Cyclopsitta diophthalma,1
Cyclopsitta diophthalma coxeni,1
Cyclopsitta gulielmitertii,1
Cygnus melancoryphus,1
Cynanthus,1
Cynanthus latirostris,1
Cynanthus sordidus,1
Cyornis ruckii,1
Damophila,1
Damophila julie,1
Daptrius,1
Daptrius ater,1
Dasyornis broadbenti,1
Dasyornis broadbenti litoralis,1
Dasyornis longirostris,1
Dendrocygna arborea,1
Dendrocygna autumnalis,1
Dendrocygna bicolor,1
Deroptyus,1
Deroptyus accipitrinus,1
Diopsittaca,1
Diopsittaca nobilis,1
Diphyllodes,1
Diphyllodes magnificus,1
Diphyllodes respublica,1
Discosura,1
Discosura conversii,1
Discosura langsdorffi,1
Discosura letitiae,1
Discosura longicaudus,1
Discosura popelairii,1
Doricha,1
Doricha eliza,1
Doricha enicura,1
Doryfera,1
Doryfera johannae,1
Doryfera ludovicae,1
Drepanornis,1
Drepanornis albertisi,1
Drepanornis bruijnii,1
Dryocopus javensis,1
Dryocopus javensis richardsi,1
Dryotriorchis,1
Dryotriorchis spectabilis,1
Ducula mindorensis,1
Eclectus,1
Eclectus roratus,1
Elanoides,1
Elanoides forficatus,1
Elanus,1
Elanus axillaris,1
Elanus caeruleus,1
Elanus leucurus,1
Elanus scriptus,1
Elvira,1
Elvira chionura,1
Elvira cupreiceps,1
Emberiza citrinella,1
Emberiza hortulana,1
Enicognathus,1
Enicognathus ferrugineus,1
Enicognathus leptorhynchus,1
Ensifera,1
Ensifera ensifera,1
Eolophus,1
Eolophus roseicapilla,1
Eos,1
Eos cyanogenia,1
Eos histrio,1
Eos reticulata,1
Eos rubra,1
Eos semilarvata,1
Eos squamata,1
Epimachus,1
Epimachus fastuosus,1
Epimachus meyeri,1
Eriocnemis,1
Eriocnemis alinae,1
Eriocnemis cupreoventris,1
Eriocnemis derbyi,1
Eriocnemis glaucopoides,1
Eriocnemis godini,1
Eriocnemis isabellae,1
Eriocnemis luciani,1
Eriocnemis mirabilis,1
Eriocnemis mosquera,1
Eriocnemis nigrivestis,1
Eriocnemis vestita,1
Erithacus rubecula,1
Erythrotriorchis,1
Erythrotriorchis buergersi,1
Erythrotriorchis radiatus,1
Eudocimus ruber,1
Eugenes,1
Eugenes fulgens,1
Eulampis,1
Eulampis holosericeus,1
Eulampis jugularis,1
Eulidia,1
Eulidia yarrellii,1
Eunymphicus,1
Eunymphicus cornutus,1
Eupetomena,1
Eupetomena macroura,1
Eupherusa,1
Eupherusa cyanophrys,1
Eupherusa eximia,1
Eupherusa nigriventris,1
Eupherusa poliocerca,1
Eupodotis,1
Eupodotis caerulescens,1
Eupodotis humilis,1
Eupodotis rueppellii,1
Eupodotis senegalensis,1
Eupodotis vigorsii,1
Eutoxeres,1
Eutoxeres aquila,1
Eutoxeres condamini,1
Eutriorchis,1
Eutriorchis astur,1
Falco,1
Falco alopex,1
Falco amurensis,1
Falco araeus,1
Falco ardosiaceus,1
Falco berigora,1
Falco biarmicus,1
Falco cenchroides,1
Falco cherrug,1
Falco chicquera,1
Falco columbarius,1
Falco concolor,1
Falco cuvierii,1
Falco deiroleucus,1
Falco dickinsoni,1
Falco eleonorae,1
Falco fasciinucha,1
Falco femoralis,1
Falco hypoleucos,1
Falco jugger,1
Falco longipennis,1
Falco mexicanus,1
Falco moluccensis,1
Falco naumanni,1
Falco newtoni,1
Falconidae,1
Falconiformes,1
Falco novaeseelandiae,1
Falco pelegrinoides,1
Falco peregrinus,1
Falco punctatus,1
Falco rufigularis,1
Falco rupicoloides,1
Falco rusticolus,1
Falco severus,1
Falco sparverius,1
Falco subbuteo,1
Falco subniger,1
Falco tinnunculus,1
Falco vespertinus,1
Falco zoniventris,1
Ficedula parva,1
Florisuga,1
Florisuga fusca,1
Florisuga mellivora,1
Forpus,1
Forpus coelestis,1
Forpus conspicillatus,1
Forpus cyanopygius,1
Forpus modestus,1
Forpus passerinus,1
Forpus xanthops,1
Forpus xanthopterygius,1
Fregata andrewsi,1
Galerida cristata,1
Gallicolumba luzonica,1
Gallirallus sylvestris,1
Gallus sonneratii,1
Gampsonyx,1
Gampsonyx swainsonii,1
Garrulax canorus,1
Garrulax taewanus,1
Geoffroyus,1
Geoffroyus geoffroyi,1
Geoffroyus heteroclitus,1
Geoffroyus simplex,1
Geranoaetus,1
Geranoaetus melanoleucus,1
Geranospiza,1
Geranospiza caerulescens,1
Geronticus calvus,1
Geronticus eremita,1
Glaucidium,1
Glaucidium bolivianum,1
Glaucidium brasilianum,1
Glaucidium brodiei,1
Glaucidium capense,1
Glaucidium castanonotum,1
Glaucidium castanopterum,1
Glaucidium costaricanum,1
Glaucidium cuculoides,1
Glaucidium gnoma,1
Glaucidium griseiceps,1
Glaucidium hardyi,1
Glaucidium jardinii,1
Glaucidium minutissimum,1
Glaucidium mooreorum,1
Glaucidium nana,1
Glaucidium nubicola,1
Glaucidium palmarum,1
Glaucidium parkeri,1
Glaucidium passerinum,1
Glaucidium perlatum,1
Glaucidium peruanum,1
Glaucidium radiatum,1
Glaucidium sanchezi,1
Glaucidium siju,1
Glaucidium sjostedti,1
Glaucidium tephronotum,1
Glaucis,1
Glaucis aeneus,1
Glaucis dohrnii,1
Glaucis hirsutus,1
Glossopsitta,1
Glossopsitta concinna,1
Glossopsitta porphyrocephala,1
Glossopsitta pusilla,1
Goethalsia,1
Goethalsia bella,1
Goldmania,1
Goldmania violiceps,1
Goura,1
Goura cristata,1
Goura scheepmakeri,1
Goura victoria,1
Gracula religiosa,1
Graydidascalus,1
Graydidascalus brachyurus,1
Gruidae,1
Grus,1
Grus americana,1
Grus antigone,1
Grus canadensis,1
Grus canadensis nesiotes,1
Grus canadensis pulla,1
Grus grus,1
Grus japonensis,1
Grus leucogeranus,1
Grus monacha,1
Grus nigricollis,1
Grus rubicunda,1
Grus vipio,1
Guarouba,1
Guarouba guarouba,1
Gubernatrix cristata,1
Gymnoglaux,1
Gymnoglaux lawrencii,1
Gymnogyps,1
Gymnogyps californianus,1
Gypaetus,1
Gypaetus barbatus,1
Gypohierax,1
Gypohierax angolensis,1
Gyps,1
Gyps africanus,1
Gyps bengalensis,1
Gyps coprotheres,1
Gyps fulvus,1
Gyps himalayensis,1
Gyps indicus,1
Gyps rueppellii,1
Gyps tenuirostris,1
Haliaeetus,1
Haliaeetus albicilla,1
Haliaeetus leucocephalus,1
Haliaeetus leucogaster,1
Haliaeetus leucoryphus,1
Haliaeetus pelagicus,1
Haliaeetus sanfordi,1
Haliaeetus vocifer,1
Haliaeetus vociferoides,1
Haliastur,1
Haliastur indus,1
Haliastur sphenurus,1
Hamirostra,1
Hamirostra melanosternon,1
Hapalopsittaca,1
Hapalopsittaca amazonina,1
Hapalopsittaca fuertesi,1
Hapalopsittaca melanotis,1
Hapalopsittaca pyrrhops,1
Haplophaedia,1
Haplophaedia assimilis,1
Haplophaedia aureliae,1
Haplophaedia lugens,1
Harpagus,1
Harpagus bidentatus,1
Harpagus diodon,1
Harpia,1
Harpia harpyja,1
Harpyhaliaetus,1
Harpyhaliaetus coronatus,1
Harpyhaliaetus solitarius,1
Harpyopsis,1
Harpyopsis novaeguineae,1
Heliactin,1
Heliactin bilophus,1
Heliangelus,1
Heliangelus amethysticollis,1
Heliangelus exortis,1
Heliangelus mavors,1
Heliangelus micraster,1
Heliangelus regalis,1
Heliangelus strophianus,1
Heliangelus viola,1
Heliangelus zusii,1
Heliodoxa,1
Heliodoxa aurescens,1
Heliodoxa branickii,1
Heliodoxa gularis,1
Heliodoxa imperatrix,1
Heliodoxa jacula,1
Heliodoxa leadbeateri,1
Heliodoxa rubinoides,1
Heliodoxa schreibersii,1
Heliodoxa xanthogonys,1
Heliomaster,1
Heliomaster constantii,1
Heliomaster furcifer,1
Heliomaster longirostris,1
Heliomaster squamosus,1
Heliothryx,1
Heliothryx auritus,1
Heliothryx barroti,1
Henicopernis,1
Henicopernis infuscatus,1
Henicopernis longicauda,1
Herpetotheres,1
Herpetotheres cachinnans,1
Heteroglaux,1
Heteroglaux blewitti,1
Hieraaetus,1
Hieraaetus ayresii,1
Hieraaetus fasciatus,1
Hieraaetus kienerii,1
Hieraaetus morphnoides,1
Hieraaetus pennatus,1
Hieraaetus spilogaster,1
Hieraaetus wahlbergi,1
Hippolais icterina,1
Houbaropsis,1
Houbaropsis bengalensis,1
Hylocharis,1
Hylocharis chrysura,1
Hylocharis cyanus,1
Hylocharis eliciae,1
Hylocharis grayi,1
Hylocharis sapphirina,1
Hylonympha,1
Hylonympha macrocerca,1
Ibycter,1
Ibycter americanus,1
Ichthyophaga,1
Ichthyophaga humilis,1
Ichthyophaga ichthyaetus,1
Ictinaetus,1
Ictinaetus malayensis,1
Ictinia,1
Ictinia mississippiensis,1
Ictinia plumbea,1
Ithaginis cruentus,1
Jabiru mycteria,1
Jubula,1
Jubula lettii,1
Kaupifalco,1
Kaupifalco monogrammicus,1
Ketupa,1
Ketupa flavipes,1
Ketupa ketupu,1
Ketupa zeylonensis,1
Klais,1
Klais guimeti,1
Lafresnaya,1
Lafresnaya lafresnayi,1
Lampornis,1
Lampornis amethystinus,1
Lampornis calolaemus,1
Lampornis castaneoventris,1
Lampornis clemenciae,1
Lampornis hemileucus,1
Lampornis sybillae,1
Lampornis viridipallens,1
Lamprolaima,1
Lamprolaima rhami,1
Larus relictus,1
Lathamus,1
Lathamus discolor,1
Leiothrix argentauris,1
Leiothrix lutea,1
Lepidopyga,1
Lepidopyga coeruleogularis,1
Lepidopyga goudoti,1
Lepidopyga lilliae,1
Leptodon,1
Leptodon cayanensis,1
Leptosittaca,1
Leptosittaca branickii,1
Lesbia,1
Lesbia nuna,1
Lesbia victoriae,1
Leucippus,1
Leucippus baeri,1
Leucippus chlorocercus,1
Leucippus fallax,1
Leucippus taczanowskii,1
Leucochloris,1
Leucochloris albicollis,1
Leucopsar rothschildi,1
Leucopternis,1
Leucopternis albicollis,1
Leucopternis kuhli,1
Leucopternis lacernulatus,1
Leucopternis melanops,1
Leucopternis occidentalis,1
Leucopternis plumbeus,1
Leucopternis polionotus,1
Leucopternis princeps,1
Leucopternis schistaceus,1
Leucopternis semiplumbeus,1
Lichenostomus melanops,1
Lichenostomus melanops cassidix,1
Liocichla omeiensis,1
Lissotis,1
Lissotis hartlaubii,1
Lissotis melanogaster,1
Loboparadisea,1
Loboparadisea sericea,1
Loddigesia,1
Loddigesia mirabilis,1
Lonchura oryzivora,1
Lophaetus,1
Lophaetus occipitalis,1
Lophoictinia,1
Lophoictinia isura,1
Lophophorus impejanus,1
Lophophorus lhuysii,1
Lophophorus sclateri,1
Lophopsittacus,1
Lophorina,1
Lophorina superba,1
Lophornis,1
Lophornis adorabilis,1
Lophornis brachylophus,1
Lophornis chalybeus,1
Lophornis delattrei,1
Lophornis gouldii,1
Lophornis helenae,1
Lophornis magnificus,1
Lophornis ornatus,1
Lophornis pavoninus,1
Lophornis stictolophus,1
Lophostrix,1
Lophostrix cristata,1
Lophotis,1
Lophotis gindiana,1
Lophotis ruficrista,1
Lophotis savilei,1
Lophura edwardsi,1
Lophura leucomelanos,1
Lophura swinhoii,1
Loriculus,1
Loriculus amabilis,1
Loriculus aurantiifrons,1
Loriculus beryllinus,1
Loriculus catamene,1
Loriculus exilis,1
Loriculus flosculus,1
Loriculus galgulus,1
Loriculus philippensis,1
Loriculus pusillus,1
Loriculus stigmatus,1
Loriculus vernalis,1
Loriidae,1
Lorius,1
Lorius albidinucha,1
Lorius chlorocercus,1
Lorius domicella,1
Lorius garrulus,1
Lorius hypoinochrous,1
Lorius lory,1
Loxia curvirostra,1
Lullula arborea,1
Luscinia luscinia,1
Luscinia megarhynchos,1
Luscinia svecica,1
Lycocorax,1
Lycocorax pyrrhopterus,1
Macgregoria,1
Macgregoria pulchra,1
Macheiramphus,1
Macheiramphus alcinus,1
Macrocephalon maleo,1
Manucodia,1
Manucodia ater,1
Manucodia chalybatus,1
Manucodia comrii,1
Manucodia jobiensis,1
Mascarenotus,1
Mascarinus,1
Megatriorchis,1
Megatriorchis doriae,1
Melampitta,1
Melampitta gigantea,1
Melampitta lugubris,1
Melanocorypha calandra,1
Meleagris ocellata,1
Melierax,1
Melierax canorus,1
Melierax metabates,1
Melierax poliopterus,1
Mellisuga,1
Mellisuga helenae,1
Mellisuga minima,1
Melopsittacus,1
Melopsittacus undulatus,1
Metallura,1
Metallura aeneocauda,1
Metallura baroni,1
Metallura eupogon,1
Metallura iracunda,1
Metallura odomae,1
Metallura phoebe,1
Metallura theresiae,1
Metallura tyrianthina,1
Metallura williami,1
Micrastur,1
Micrastur buckleyi,1
Micrastur gilvicollis,1
Micrastur mintoni,1
Micrastur mirandollei,1
Micrastur plumbeus,1
Micrastur ruficollis,1
Micrastur semitorquatus,1
Micrathene,1
Micrathene whitneyi,1
Microchera,1
Microchera albocoronata,1
Microhierax,1
Microhierax caerulescens,1
Microhierax erythrogenys,1
Microhierax fringillarius,1
Microhierax latifrons,1
Microhierax melanoleucos,1
Micronisus,1
Micronisus gabar,1
Micropsitta,1
Micropsitta bruijnii,1
Micropsitta finschii,1
Micropsitta geelvinkiana,1
Micropsitta keiensis,1
Micropsitta meeki,1
Micropsitta pusio,1
Microstilbon,1
Microstilbon burmeisteri,1
Milvago,1
Milvago chimachima,1
Milvago chimango,1
Milvus,1
Milvus migrans,1
Milvus milvus,1
Mimizuku,1
Mimizuku gurneyi,1
Mitu mitu,1
Monticola saxatilis,1
Morphnus,1
Morphnus guianensis,1
Mycteria cinerea,1
Myiopsitta,1
Myiopsitta monachus,1
Myrmia,1
Myrmia micrura,1
Myrtis,1
Myrtis fanny,1
Nandayus,1
Nandayus nenday,1
Nannopsittaca,1
Nannopsittaca dachilleae,1
Nannopsittaca panychlora,1
Necropsittacus,1
Necrosyrtes,1
Necrosyrtes monachus,1
Neophema,1
Neophema chrysogaster,1
Neophema chrysostoma,1
Neophema elegans,1
Neophema petrophila,1
Neophema pulchella,1
Neophema splendida,1
Neophron,1
Neophron percnopterus,1
Neopsephotus,1
Neopsephotus bourkii,1
Neopsittacus,1
Neopsittacus musschenbroekii,1
Neopsittacus pullicauda,1
Neotis,1
Neotis denhami,1
Neotis heuglinii,1
Neotis ludwigii,1
Neotis nuba,1
Nesasio,1
Nesasio solomonensis,1
Nesoenas mayeri,1
Nestor,1
Nestor meridionalis,1
Nestor notabilis,1
Ninox,1
Ninox affinis,1
Ninox boobook,1
Ninox burhani,1
Ninox connivens,1
Ninox ios,1
Ninox jacquinoti,1
Ninox meeki,1
Ninox natalis,1
Ninox novaeseelandiae,1
Ninox ochracea,1
Ninox odiosa,1
Ninox philippensis,1
Ninox punctulata,1
Ninox rudolfi,1
Ninox rufa,1
Ninox scutulata,1
Ninox squamipila,1
Ninox strenua,1
Ninox sumbaensis,1
Ninox superciliaris,1
Ninox theomacha,1
Ninox variegata,1
Nipponia nippon,1
Northiella,1
Northiella haematogaster,1
Numenius borealis,1
Numenius tenuirostris,1
Nyctea,1
Nyctea scandiaca,1
Nymphicus,1
Nymphicus hollandicus,1
Ocreatus,1
Ocreatus underwoodii,1
Ognorhynchus,1
Ognorhynchus icterotis,1
Opisthoprora,1
Opisthoprora euryptera,1
Oreonympha,1
Oreonympha nobilis,1
Oreophasis derbianus,1
Oreopsittacus,1
Oreopsittacus arfaki,1
Oreotrochilus,1
Oreotrochilus adela,1
Oreotrochilus chimborazo,1
Oreotrochilus estella,1
Oreotrochilus leucopleurus,1
Oreotrochilus melanogaster,1
Oriolus oriolus,1
Oroaetus,1
Oroaetus isidori,1
Ortalis vetula,1
Orthopsittaca,1
Orthopsittaca manilata,1
Orthorhyncus,1
Orthorhyncus cristatus,1
Otididae,1
Otis,1
Otis tarda,1
Otus,1
Otus albogularis,1
Otus alfredi,1
Otus alius,1
Otus angelinae,1
Otus asio,1
Otus atricapilla,1
Otus bakkamoena,1
Otus balli,1
Otus barbarus,1
Otus beccarii,1
Otus brookii,1
Otus brucei,1
Otus capnodes,1
Otus choliba,1
Otus clarkii,1
Otus collari,1
Otus colombianus,1
Otus cooperi,1
Otus elegans,1
Otus flammeolus,1
Otus fuliginosus,1
Otus guatemalae,1
Otus hartlaubi,1
Otus hoyi,1
Otus icterorhynchus,1
Otus ingens,1
Otus insularis,1
Otus ireneae,1
Otus kennicottii,1
Otus koepckeae,1
Otus longicornis,1
Otus madagascariensis,1
Otus magicus,1
Otus manadensis,1
Otus mantananensis,1
Otus marshalli,1
Otus mayottensis,1
Otus megalotis,1
Otus mentawi,1
Otus mindorensis,1
Otus mirus,1
Otus moheliensis,1
Otus nudipes,1
Otus pauliani,1
Otus pembaensis,1
Otus petersoni,1
Otus roboratus,1
Otus rufescens,1
Otus rutilus,1
Otus sagittatus,1
Otus sanctaecatarinae,1
Otus scops,1
Otus seductus,1
Otus senegalensis,1
Otus silvicola,1
Otus spilocephalus,1
Otus sunia,1
Otus thilohoffmanni,1
Otus trichopsis,1
Otus umbra,1
Otus vermiculatus,1
Otus watsonii,1
Oxypogon,1
Oxypogon guerinii,1
Oxyura leucocephala,1
Pandion,1
Pandion haliaetus,1
Pandionidae,1
Panterpe,1
Panterpe insignis,1
Papasula abbotti,1
Parabuteo,1
Parabuteo unicinctus,1
Paradigalla,1
Paradigalla brevicauda,1
Paradigalla carunculata,1
Paradisaea,1
Paradisaea apoda,1
Paradisaea decora,1
Paradisaea guilielmi,1
Paradisaea minor,1
Paradisaea raggiana,1
Paradisaea rubra,1
Paradisaea rudolphi,1
Paradisaeidae,1
Paroaria capitata,1
Paroaria coronata,1
Parotia,1
Parotia carolae,1
Parotia helenae,1
Parotia lawesii,1
Parotia sefilata,1
Parotia wahnesi,1
Parus ater,1
Patagona,1
Patagona gigas,1
Pauxi pauxi,1
Pavo cristatus,1
Pavo muticus,1
Pelecanus crispus,1
Penelope albipennis,1
Penelope purpurascens,1
Penelopides,1
Penelopides exarhatus,1
Penelopides panini,1
Penelopina nigra,1
Pernis,1
Pernis apivorus,1
Pernis celebensis,1
Pernis ptilorhynchus,1
Pezoporus,1
Pezoporus occidentalis,1
Pezoporus wallicus,1
Phaethornis,1
Phaethornis aethopyga,1
Phaethornis anthophilus,1
Phaethornis atrimentalis,1
Phaethornis augusti,1
Phaethornis bourcieri,1
Phaethornis eurynome,1
Phaethornis griseogularis,1
Phaethornis guy,1
Phaethornis hispidus,1
Phaethornis idaliae,1
Phaethornis koepckeae,1
Phaethornis longirostris,1
Phaethornis longuemareus,1
Phaethornis malaris,1
Phaethornis nattereri,1
Phaethornis philippii,1
Phaethornis pretrei,1
Phaethornis ruber,1
Phaethornis rupurumii,1
Phaethornis squalidus,1
Phaethornis striigularis,1
Phaethornis stuarti,1
Phaethornis subochraceus,1
Phaethornis superciliosus,1
Phaethornis syrmatophorus,1
Phaethornis yaruqui,1
Phalcoboenus,1
Phalcoboenus albogularis,1
Phalcoboenus australis,1
Phalcoboenus carunculatus,1
Phalcoboenus megalopterus,1
Pharomachrus mocinno,1
Phigys,1
Phigys solitarius,1
Phlogophilus,1
Phlogophilus harterti,1
Phlogophilus hemileucurus,1
Phodilus,1
Phodilus badius,1
Phodilus prigoginei,1
Phoebastria albatrus,1
Phoeniconaias,1
Phoeniconaias minor,1
Phoenicoparrus,1
Phoenicoparrus andinus,1
Phoenicoparrus jamesi,1
Phoenicopteridae,1
Phoenicopterus,1
Phoenicopterus chilensis,1
Phoenicopterus ruber,1
Phonygammus,1
Phonygammus keraudrenii,1
Picathartes gymnocephalus,1
Picathartes oreas,1
Pionites,1
Pionites leucogaster,1
Pionites melanocephalus,1
Pionopsitta,1
Pionopsitta aurantiocephala,1
Pionopsitta barrabandi,1
Pionopsitta caica,1
Pionopsitta haematotis,1
Pionopsitta pileata,1
Pionopsitta pulchra,1
Pionopsitta pyrilia,1
Pionopsitta vulturina,1
Pionus,1
Pionus chalcopterus,1
Pionus fuscus,1
Pionus maximiliani,1
Pionus menstruus,1
Pionus senilis,1
Pionus sordidus,1
Pionus tumultuosus,1
Pipile jacutinga,1
Pipile pipile,1
Pithecophaga,1
Pithecophaga jefferyi,1
Pitta guajana,1
Pitta gurneyi,1
Pitta kochi,1
Pitta nympha,1
Platalea leucorodia,1
Platycercus,1
Platycercus adscitus,1
Platycercus caledonicus,1
Platycercus elegans,1
Platycercus eximius,1
Platycercus icterotis,1
Platycercus venustus,1
Podilymbus gigas,1
Poephila cincta,1
Poephila cincta cincta,1
Poicephalus,1
Poicephalus crassus,1
Poicephalus cryptoxanthus,1
Poicephalus flavifrons,1
Poicephalus fuscicollis,1
Poicephalus gulielmi,1
Poicephalus meyeri,1
Poicephalus robustus,1
Poicephalus rueppellii,1
Poicephalus rufiventris,1
Poicephalus senegalus,1
Polemaetus,1
Polemaetus bellicosus,1
Polihierax,1
Polihierax insignis,1
Polihierax semitorquatus,1
Polyboroides,1
Polyboroides radiatus,1
Polyboroides typus,1
Polyonymus,1
Polyonymus caroli,1
Polyplectron bicalcaratum,1
Polyplectron germaini,1
Polyplectron malacense,1
Polyplectron napoleonis,1
Polyplectron schleiermacheri,1
Polytelis,1
Polytelis alexandrae,1
Polytelis anthopeplus,1
Polytelis swainsonii,1
Polytmus,1
Polytmus guainumbi,1
Polytmus milleri,1
Polytmus theresiae,1
Primolius,1
Primolius auricollis,1
Primolius couloni,1
Primolius maracana,1
Prioniturus,1
Prioniturus discurus,1
Prioniturus flavicans,1
Prioniturus luconensis,1
Prioniturus mada,1
Prioniturus montanus,1
Prioniturus platenae,1
Prioniturus platurus,1
Prioniturus verticalis,1
Probosciger,1
Probosciger aterrimus,1
Prosopeia,1
Prosopeia personata,1
Prosopeia splendens,1
Prosopeia tabuensis,1
Psephotus,1
Psephotus chrysopterygius,1
Psephotus dissimilis,1
Psephotus haematonotus,1
Psephotus pulcherrimus,1
Psephotus varius,1
Pseudeos,1
Pseudeos fuscata,1
Pseudochelidon sirintarae,1
Pseudoscops,1
Pseudoscops clamator,1
Pseudoscops grammicus,1
Psilopsiagon,1
Psilopsiagon aurifrons,1
Psilopsiagon aymara,1
Psittacella,1
Psittacella brehmii,1
Psittacella madaraszi,1
Psittacella modesta,1
Psittacella picta,1
Psittacidae,1
Psittaciformes,1
Psittacula,1
Psittacula alexandri,1
Psittacula calthorpae,1
Psittacula caniceps,1
Psittacula columboides,1
Psittacula cyanocephala,1
Psittacula derbiana,1
Psittacula echo,1
Psittacula eupatria,1
Psittacula finschii,1
Psittacula himalayana,1
Psittacula intermedia,1
Psittacula krameri,1
Psittacula longicauda,1
Psittacula roseata,1
Psittaculirostris,1
Psittaculirostris desmarestii,1
Psittaculirostris edwardsii,1
Psittaculirostris salvadorii,1
Psittacus,1
Psittacus erithacus,1
Psitteuteles,1
Psitteuteles goldiei,1
Psitteuteles iris,1
Psitteuteles versicolor,1
Psittinus,1
Psittinus cyanurus,1
Psittrichas,1
Psittrichas fulgidus,1
Pteridophora,1
Pteridophora alberti,1
Pterocnemia pennata,1
Pterocnemia pennata pennata,1
Pteroglossus aracari,1
Pteroglossus castanotis,1
Pteroglossus viridis,1
Pterophanes,1
Pterophanes cyanopterus,1
Ptilopsis,1
Ptilopsis granti,1
Ptilopsis leucotis,1
Ptiloris,1
Ptiloris intercedens,1
Ptiloris magnificus,1
Ptiloris paradiseus,1
Ptiloris victoriae,1
Pucrasia macrolopha,1
Pulsatrix,1
Pulsatrix koeniswaldiana,1
Pulsatrix melanota,1
Pulsatrix perspicillata,1
Purpureicephalus,1
Purpureicephalus spurius,1
Pycnonotus zeylanicus,1
Pyrrhula pyrrhula,1
Pyrrhura,1
Pyrrhura albipectus,1
Pyrrhura caeruleiceps,1
Pyrrhura calliptera,1
Pyrrhura cruentata,1
Pyrrhura devillei,1
Pyrrhura egregia,1
Pyrrhura eisenmanni,1
Pyrrhura frontalis,1
Pyrrhura griseipectus,1
Pyrrhura hoematotis,1
Pyrrhura hoffmanni,1
Pyrrhura lepida,1
Pyrrhura leucotis,1
Pyrrhura melanura,1
Pyrrhura molinae,1
Pyrrhura orcesi,1
Pyrrhura parvifrons,1
Pyrrhura perlata,1
Pyrrhura pfrimeri,1
Pyrrhura picta,1
Pyrrhura rhodocephala,1
Pyrrhura rupicola,1
Pyrrhura subandina,1
Pyrrhura viridicata,1
Pyrroglaux,1
Pyrroglaux podargina,1
Ramphastos dicolorus,1
Ramphastos sulfuratus,1
Ramphastos toco,1
Ramphastos tucanus,1
Ramphastos vitellinus,1
Ramphodon,1
Ramphodon naevius,1
Ramphomicron,1
Ramphomicron dorsale,1
Ramphomicron microrhynchum,1
Rhea americana,1
Rheinardia ocellata,1
Rhinoplax vigil,1
Rhodonessa caryophyllacea,1
Rhodopis,1
Rhodopis vesper,1
Rhynchopsitta,1
Rhynchopsitta pachyrhyncha,1
Rhynchopsitta terrisi,1
Rhynochetos jubatus,1
Rhyticeros,1
Rhyticeros everetti,1
Rhyticeros narcondami,1
Rhyticeros plicatus,1
Rhyticeros subruficollis,1
Rhyticeros undulatus,1
Rostrhamus,1
Rostrhamus hamatus,1
Rostrhamus sociabilis,1
Rupicola,1
Rupicola peruvianus,1
Rupicola rupicola,1
Sagittariidae,1
Sagittarius,1
Sagittarius serpentarius,1
Sappho,1
Sappho sparganura,1
Sarcogyps,1
Sarcogyps calvus,1
Sarcoramphus,1
Sarcoramphus papa,1
Sarkidiornis melanotos,1
Sceloglaux,1
Sceloglaux albifacies,1
Schistes,1
Schistes geoffroyi,1
Scops,1
Scotopelia,1
Scotopelia bouvieri,1
Scotopelia peli,1
Scotopelia ussheri,1
Selasphorus,1
Selasphorus ardens,1
Selasphorus flammula,1
Selasphorus platycercus,1
Selasphorus rufus,1
Selasphorus sasin,1
Selasphorus scintilla,1
Selenidera maculirostris,1
Seleucidis,1
Seleucidis melanoleucus,1
Semioptera,1
Semioptera wallacii,1
Semnornis ramphastinus,1
Sephanoides,1
Sephanoides fernandensis,1
Sephanoides sephanoides,1
Serinus serinus,1
Spheniscus demersus,1
Spheniscus humboldti,1
Spilornis,1
Spilornis cheela,1
Spilornis elgini,1
Spilornis kinabaluensis,1
Spilornis klossi,1
Spilornis rufipectus,1
Spizaetus,1
Spizaetus africanus,1
Spizaetus alboniger,1
Spizaetus bartelsi,1
Spizaetus cirrhatus,1
Spizaetus lanceolatus,1
Spizaetus nanus,1
Spizaetus nipalensis,1
Spizaetus ornatus,1
Spizaetus philippensis,1
Spizaetus tyrannus,1
Spizastur,1
Spizastur melanoleucus,1
Spiziapteryx,1
Spiziapteryx circumcincta,1
Stellula,1
Stellula calliope,1
Stephanoaetus,1
Stephanoaetus coronatus,1
Stephanoxis,1
Stephanoxis lalandi,1
Sternoclyta,1
Sternoclyta cyanopectus,1
Strigidae,1
Strigiformes,1
Strigops,1
Strigops habroptila,1
Strix,1
Strix albitarsis,1
Strix aluco,1
Strix butleri,1
Strix chacoensis,1
Strix fulvescens,1
Strix hylophila,1
Strix leptogrammica,1
Strix nebulosa,1
Strix occidentalis,1
Strix ocellata,1
Strix rufipes,1
Strix seloputo,1
Strix uralensis,1
Strix varia,1
Strix virgata,1
Strix woodfordii,1
Struthio camelus,1
Surnia,1
Surnia ulula,1
Sylvia atricapilla,1
Sylvia borin,1
Sylvia curruca,1
Sylvia nisoria,1
Sypheotides,1
Sypheotides indicus,1
Syrmaticus ellioti,1
Syrmaticus humiae,1
Syrmaticus mikado,1
Syrmaticus reevesii,1
Tangara fastuosa,1
Tanygnathus,1
Tanygnathus gramineus,1
Tanygnathus lucionensis,1
Tanygnathus megalorynchos,1
Tanygnathus sumatranus,1
Taphrolesbia,1
Taphrolesbia griseiventris,1
Taphrospilus,1
Taphrospilus hypostictus,1
Tauraco,1
Tauraco bannermani,1
Tauraco corythaix,1
Tauraco erythrolophus,1
Tauraco fischeri,1
Tauraco hartlaubi,1
Tauraco leucolophus,1
Tauraco leucotis,1
Tauraco livingstonii,1
Tauraco macrorhynchus,1
Tauraco persa,1
Tauraco porphyreolophus,1
Tauraco ruspolii,1
Tauraco schalowi,1
Tauraco schuettii,1
Terathopius,1
Terathopius ecaudatus,1
Terpsiphone bourbonnensis,1
Tetraogallus caspius,1
Tetraogallus tibetanus,1
Tetrax,1
Tetrax tetrax,1
Thalurania,1
Thalurania colombica,1
Thalurania fannyi,1
Thalurania furcata,1
Thalurania glaucopis,1
Thalurania ridgwayi,1
Thalurania watertonii,1
Thaumastura,1
Thaumastura cora,1
Threnetes,1
Threnetes niger,1
Threnetes ruckeri,1
Tilmatura,1
Tilmatura dupontii,1
Tinamus solitarius,1
Topaza,1
Topaza pella,1
Topaza pyra,1
Torgos,1
Torgos tracheliotus,1
Touit,1
Touit batavicus,1
Touit costaricensis,1
Touit dilectissimus,1
Touit huetii,1
Touit melanonotus,1
Touit purpuratus,1
Touit stictopterus,1
Touit surdus,1
Tragopan blythii,1
Tragopan caboti,1
Tragopan melanocephalus,1
Tragopan satyra,1
Trichoglossus,1
Trichoglossus chlorolepidotus,1
Trichoglossus euteles,1
Trichoglossus flavoviridis,1
Trichoglossus haematodus,1
Trichoglossus johnstoniae,1
Trichoglossus ornatus,1
Trichoglossus rubiginosus,1
Triclaria,1
Triclaria malachitacea,1
Trigonoceps,1
Trigonoceps occipitalis,1
Tringa guttifer,1
Trochilidae,1
Trochilus,1
Trochilus polytmus,1
Trochilus scitulus,1
Troglodytes troglodytes,1
Turdus merula,1
Turdus philomelos,1
Tympanuchus cupido,1
Tympanuchus cupido attwateri,1
Tyto,1
Tyto alba,1
Tyto aurantia,1
Tyto capensis,1
Tyto glaucops,1
Tyto inexspectata,1
Tyto manusi,1
Tyto multipunctata,1
Tytonidae,1
Tyto nigrobrunnea,1
Tyto novaehollandiae,1
Tyto rosenbergii,1
Tyto sororcula,1
Tyto soumagnei,1
Tyto tenebricosa,1
Urochroa,1
Urochroa bougueri,1
Uroglaux,1
Uroglaux dimorpha,1
Urosticte,1
Urosticte benjamini,1
Urotriorchis,1
Urotriorchis macrourus,1
Vini,1
Vini australis,1
Vini kuhlii,1
Vini peruviana,1
Vini stepheni,1
Vini ultramarina,1
Vultur,1
Vultur gryphus,1
Xanthopsar flavus,1
Xenoglaux,1
Xenoglaux loweryi,1
Xipholena atropurpurea,1
Zosterops albogularis,1
