"","keyword","count"
"1","Abbott's Booby",3.45495495495495
"2","Abyssinian Roller",6.62162162162162
"3","Acadian Flycatcher",7.43243243243243
"4","Acorn Woodpecker",22.9324324324324
"5","Adelie Penguin",29.2387387387387
"6","African Blue Tit",4.07657657657658
"7","African Crake",5.57207207207207
"8","African Cuckoo",3.05429864253394
"9","African Darter",6.13963963963964
"10","African Emerald Cuckoo",11.0810810810811
"11","African Finfoot",4.09009009009009
"12","African Goshawk",3.17567567567568
"13","African Grey Hornbill",11.1531531531532
"14","African Hobby",21.3468468468468
"15","African Jacana",13.5630630630631
"16","African Openbill",4.94594594594595
"17","African Penguin",33.5225225225225
"18","African Pied Wagtail",7.25675675675676
"19","African Pipit",7.67117117117117
"20","African Pitta",5.43693693693694
"21","African Rail",26.5225225225225
"22","African River Martin",4.18018018018018
"23","African Sacred Ibis",14.9324324324324
"24","African Silverbill",9.07657657657658
"25","African Skimmer",4.08558558558559
"26","African Spoonbill",6.67117117117117
"27","Agami Heron",7.7027027027027
"28","Akekee",7.63063063063063
"29","Akiapolaau",3.8018018018018
"30","Akikiki",10.8378378378378
"31","Akohekohe",3.17117117117117
"32","Alder Flycatcher",8.55405405405405
"33","Aleutian Tern",2.55405405405405
"34","Alexandrine Parakeet",22.4684684684685
"35","Allen's Hummingbird",5.09009009009009
"36","Alpine Accentor",9.9954954954955
"37","Altamira Oriole",7.59459459459459
"38","Amazon Kingfisher",21.9684684684685
"39","American Avocet",14.2927927927928
"40","American Bittern",28.4234234234234
"41","American Black Vulture",10.0495495495495
"42","American Bushtit",4.73423423423423
"43","American Coot",25.2792792792793
"44","American Crow",27.963963963964
"45","American Golden Plover",12.0810810810811
"46","American Goldfinch",24.2612612612613
"47","American Kestrel",29.6081081081081
"48","American Oystercatcher",17.4054054054054
"49","American Redstart",10.6216216216216
"50","American Tree Sparrow",17.6486486486486
"51","American White Pelican",9.82432432432432
"52","American Woodcock",34.8828828828829
"53","American Yellow Warbler",12.1171171171171
"54","Amethyst Sunbird",5.77477477477477
"55","Amethyst Woodstar",4.64864864864865
"56","Amsterdam Albatross",8.98198198198198
"57","Amur Falcon",4.8963963963964
"58","Anambra Waxbill",2.62612612612613
"59","Ancient Murrelet",6.13963963963964
"60","Andean Avocet",3.38288288288288
"61","Andean Condor",31.027027027027
"62","Anhinga",30.8423423423423
"63","Anianiau",5.37837837837838
"64","Anna's Hummingbird",12.7072072072072
"65","Antarctic Petrel",9.27027027027027
"66","Antarctic Prion",3.05405405405405
"67","Antarctic Tern",7.34234234234234
"68","Antipodean Albatross",4.9009009009009
"69","Apapane",10.8423423423423
"70","Aplomado Falcon",10.8333333333333
"71","Apostlebird",9.92342342342342
"72","Aquatic Warbler",7.06756756756757
"73","Arabian Bustard",3.13063063063063
"74","Arabian Golden Sparrow",2.45945945945946
"75","Arctic Jaeger",6.08558558558559
"76","Arctic Loon",9.11261261261261
"77","Arctic Tern",44.1441441441441
"78","Arctic Warbler",5.94144144144144
"79","Arizona Woodpecker",13.5405405405405
"80","Ascension Frigatebird",1.82882882882883
"81","Ash-throated Flycatcher",7.36936936936937
"82","Ashy Drongo",17.5630630630631
"83","Ashy Minivet",3.03153153153153
"84","Ashy Prinia",19.9414414414414
"85","Ashy Robin",8.52702702702703
"86","Ashy Storm-petrel",1.52702702702703
"87","Ashy Tailorbird",8.83783783783784
"88","Asian Barred Owlet",13.1846846846847
"89","Asian Crested Ibis",4.08558558558559
"90","Asian Dowitcher",2.14864864864865
"91","Asian Emerald Cuckoo",10.4234234234234
"92","Asian Green Bee-eater",3.4954954954955
"93","Asian Houbara",2.11711711711712
"94","Asian House Martin",9.75675675675676
"95","Asian Openbill",9.43693693693694
"96","Asian Stubtail",0.923423423423423
"97","Asir Magpie",3.37387387387387
"98","Atlantic Petrel",5.46846846846847
"99","Atlantic Puffin",27.7117117117117
"100","Atlantic Yellow-nosed Albatross",4.29279279279279
"101","Auckland Rail",28.6351351351351
"102","Audouin's Gull",4.3018018018018
"103","Austral Parakeet",2.12612612612613
"104","Australasian Bittern",1.47142857142857
"105","Australasian Darter",6.86936936936937
"106","Australasian Figbird",11.6576576576577
"107","Australasian Gannet",5.30630630630631
"108","Australasian Pipit",5.76576576576577
"109","Australian Bustard",11.6261261261261
"110","Australian Hobby",15.4369369369369
"111","Australian Ibis",13.8963963963964
"112","Australian Magpie",35.9954954954955
"113","Australian Pelican",22.0135135135135
"114","Australian Raven",16.3153153153153
"115","Australian Ringneck",9.63963963963964
"116","Australian Zebra Finch",7.17117117117117
"117","Azores Bullfinch",3.18918918918919
"118","Azure Jay",15.1711711711712
"119","Azure Kingfisher",11.5945945945946
"120","Azure Tit",7.58558558558559
"121","Bachman's Warbler",3.20720720720721
"122","Baglafecht Weaver",3.18918918918919
"123","Bahama Oriole",8.11261261261261
"124","Bahama Swallow",9.02702702702703
"125","Bahama Warbler",3.23423423423423
"126","Baillon's Crake",1.36936936936937
"127","Baird's Sandpiper",4.40990990990991
"128","Bald Eagle",37.8918918918919
"129","Bald Parrot",14.2792792792793
"130","Balearic Shearwater",9.15315315315315
"131","Baltimore Oriole",11.9954954954955
"132","Bananaquit",14.3243243243243
"133","Band-bellied Crake",1.61261261261261
"134","Band-rumped Storm-petrel",2.1981981981982
"135","Banded Bay Cuckoo",9.47747747747748
"136","Banded Broadbill",7.38738738738739
"137","Banded Kingfisher",10.1756756756757
"138","Banded Lapwing",3.26126126126126
"139","Banded Stilt",5.32882882882883
"140","Banded Woodpecker",7.57657657657658
"141","Banggai Crow",1.62612612612613
"142","Bank Cormorant",8.84234234234234
"143","Bar-tailed Godwit",12.0495495495495
"144","Bar-tailed Trogon",1.78828828828829
"145","Bar-winged Prinia",1.77477477477477
"146","Barau's Petrel",1.13513513513514
"147","Barbados Bullfinch",5.81531531531532
"148","Barbuda Warbler",2.18918918918919
"149","Bare-faced Bulbul",0.869369369369369
"150","Bare-throated Tiger-heron",1.77477477477477
"151","Barking Owl",24.2522522522523
"152","Barn Swallow",29.6171171171171
"153","Barred Antshrike",11.2747747747748
"154","Barred Buttonquail",5.11711711711712
"155","Barred Eagle-owl",3.17567567567568
"156","Barred Owl",41.0225225225225
"157","Barred Parakeet",11.0495495495495
"158","Basra Reed-warbler",1.26126126126126
"159","Bat Falcon",4.77477477477477
"160","Bat Hawk",26.2477477477477
"161","Bateleur",43.0315315315315
"162","Bay-backed Shrike",3.45495495495495
"163","Bay-breasted Warbler",6.07207207207207
"164","Bay-headed Tanager",2.74324324324324
"165","Bay Woodpecker",15.7117117117117
"166","Baya Weaver",3.49773755656109
"167","Beach Kingfisher",32.3243243243243
"168","Bearded Barbet",7.52252252252252
"169","Bearded Reedling",4.51351351351351
"170","Bearded Vulture",12.6621621621622
"171","Beautiful Firetail",2.27927927927928
"172","Beautiful Hummingbird",35.6441441441441
"173","Beautiful Jay",32.0225225225225
"174","Beautiful Woodpecker",5.0990990990991
"175","Beck's Petrel",0.900900900900901
"176","Bee Hummingbird",11.4414414414414
"177","Bell's Vireo",7.43693693693694
"178","Bell Miner",4.55855855855856
"179","Belted Kingfisher",19.0045045045045
"180","Bengal Florican",11.7747747747748
"181","Bermuda Petrel",6.40990990990991
"182","Besra",19.9099099099099
"183","Bimaculated Lark",4.52702702702703
"184","Black-and-white Hawk-eagle",4.6036036036036
"185","Black-and-white Owl",4.32882882882883
"186","Black-and-white Warbler",4.59009009009009
"187","Black-backed Oriole",2.21171171171171
"188","Black-backed Woodpecker",5.97747747747748
"189","Black-bellied Bustard",4.75225225225225
"190","Black-bellied Storm-petrel",0.797297297297297
"191","Black-billed Cuckoo",4.27027027027027
"192","Black-billed Magpie",6.52252252252252
"193","Black-breasted Buzzard",2.74324324324324
"194","Black-browed Albatross",8.72972972972973
"195","Black-capped Chickadee",14.0405405405405
"196","Black-capped Lory",2.27927927927928
"197","Black-capped Petrel",3.66666666666667
"198","Black-capped Vireo",7.9954954954955
"199","Black-casqued Hornbill",1.87837837837838
"200","Black-cheeked Lovebird",3.49099099099099
"201","Black-chinned Hummingbird",11.0315315315315
"202","Black-collared Barbet",1.40990990990991
"203","Black-crested Finch",0.995495495495496
"204","Black-crested Titmouse",7.37837837837838
"205","Black-crowned Night-heron",5.46396396396396
"206","Black-faced Bunting",2.48198198198198
"207","Black-faced Dacnis",2.65765765765766
"208","Black-faced Grassquit",1.6036036036036
"209","Black-faced Spoonbill",8.51351351351351
"210","Black-footed Albatross",3.77927927927928
"211","Black-fronted Bulbul",2.64414414414414
"212","Black-fronted Tern",6.0045045045045
"213","Black-headed Grosbeak",10.3873873873874
"214","Black-headed Gull",11.9279279279279
"215","Black-headed Ibis",3.08108108108108
"216","Black-headed Parrot",2.9954954954955
"217","Black-headed Siskin",3.73423423423423
"218","Black-hooded Oriole",3.54054054054054
"219","Black-legged Kittiwake",8.69369369369369
"220","Black-legged Seriema",1.97297297297297
"221","Black-naped Monarch",3.53603603603604
"222","Black-naped Oriole",5.66216216216216
"223","Black-necked Crane",4.21621621621622
"224","Black-necked Stork",5.60810810810811
"225","Black-necked Wattle-eye",0.702702702702703
"226","Black-rumped Flameback",2.59009009009009
"227","Black-shouldered Kite",6.85135135135135
"228","Black-tailed Godwit",9.05405405405405
"229","Black-tailed Gull",6.92342342342342
"230","Black-thighed Falconet",3.43243243243243
"231","Black-throated Accentor",2.82882882882883
"232","Black-throated Blue Warbler",7.54504504504505
"233","Black-throated Finch",4.13063063063063
"234","Black-throated Green Warbler",5.03603603603604
"235","Black-throated Grosbeak",1.31081081081081
"236","Black-throated Magpie-jay",4.5990990990991
"237","Black-throated Sparrow",6.81081081081081
"238","Black-throated Tit",1.93243243243243
"239","Black-whiskered Vireo",4.19369369369369
"240","Black-winged Kite",4
"241","Black-winged Pratincole",2.68018018018018
"242","Black-winged Stilt",11.5990990990991
"243","Black Baza",28.2567567567568
"244","Black Bishop",42.5630630630631
"245","Black Bittern",4.78828828828829
"246","Black Bulbul",33.7432432432432
"247","Black Butcherbird",11.8513513513514
"248","Black Caracara",10.2342342342342
"249","Black Coucal",19.7477477477477
"250","Black Crake",15.6801801801802
"251","Black Crowned Crane",5.8963963963964
"252","Black Cuckoo",28.2117117117117
"253","Black Currawong",11.1171171171171
"254","Black Drongo",24.2657657657658
"255","Black Eagle",34.3018018018018
"256","Black Falcon",23.9414414414414
"257","Black Fantail",22.5315315315315
"258","Black Grasswren",4.44144144144144
"259","Black Guillemot",14.2432432432432
"260","Black Harrier",18.490990990991
"261","Black Hawk-eagle",4.96396396396396
"262","Black Heron",48.3063063063063
"263","Black Honeyeater",17.3288288288288
"264","Black Hornbill",22.1576576576577
"265","Black Kite",47.6126126126126
"266","Black Lark",24.2117117117117
"267","Black Lory",22.4054054054054
"268","Black Monarch",35.9144144144144
"269","Black Noddy",14.4324324324324
"270","Black Oriole",11.3963963963964
"271","Black Parrot",56.6171171171171
"272","Black Petrel",11.2297297297297
"273","Black Phoebe",13.1216216216216
"274","Black Rail",56.0405405405405
"275","Black Redstart",24.9009009009009
"276","Black Robin",23.3738738738739
"277","Black Sicklebill",2.3963963963964
"278","Black Siskin",19.9594594594595
"279","Black Skimmer",34.6351351351351
"280","Black Solitary Eagle",2.87387387387387
"281","Black Sparrowhawk",15.4144144144144
"282","Black Stilt",27.9189189189189
"283","Black Stork",32.2252252252252
"284","Black Sunbird",20.7972972972973
"285","Black Tern",44.463963963964
"286","Black Turnstone",10.2207207207207
"287","Black Wheatear",7.8018018018018
"288","Black Woodpecker",26.3018018018018
"289","Blackburnian Warbler",15.3693693693694
"290","Blackish Oystercatcher",2.85135135135135
"291","Blackpoll Warbler",13.490990990991
"292","Blacksmith Lapwing",5.55855855855856
"293","Blackstart",16.8018018018018
"294","Blackthroat",32.8873873873874
"295","Blossom-headed Parakeet",1.14864864864865
"296","Blue-and-white Swallow",3.29279279279279
"297","Blue-and-yellow Macaw",20.5045045045045
"298","Blue-backed Parrot",1.13963963963964
"299","Blue-bellied Roller",3.66216216216216
"300","Blue-capped Cordon-bleu",2.48198198198198
"301","Blue-capped Ifrit",2.16216216216216
"302","Blue-cheeked Bee-eater",2.54054054054054
"303","Blue-crowned Motmot",5.86936936936937
"304","Blue-eared Kingfisher",2.54954954954955
"305","Blue-eyed Cockatoo",3.76576576576577
"306","Blue-faced Honeyeater",5.44144144144144
"307","Blue-footed Booby",10.7792792792793
"308","Blue-fronted Redstart",4.72972972972973
"309","Blue-headed Parrot",4.84684684684685
"310","Blue-headed Vireo",4.06306306306306
"311","Blue-naped Parrot",3.12612612612613
"312","Blue-streaked Lory",2.15315315315315
"313","Blue-tailed Bee-eater",7.89189189189189
"314","Blue-throated Barbet",6.81531531531532
"315","Blue-throated Macaw",6.56756756756757
"316","Blue-winged Kookaburra",4.24774774774775
"317","Blue-winged Pitta",2.58558558558559
"318","Blue-winged Warbler",9.33783783783784
"319","Blue Bird-of-paradise",8.27927927927928
"320","Blue Bunting",12.1351351351351
"321","Blue Bustard",8.77927927927928
"322","Blue Coua",3.78828828828829
"323","Blue Crane",40.3603603603604
"324","Blue Dacnis",11.8288288288288
"325","Blue Finch",25.0900900900901
"326","Blue Grosbeak",17.9864864864865
"327","Blue Jay",32.0945945945946
"328","Blue Lorikeet",30.1306306306306
"329","Blue Mountain Vireo",1.68468468468468
"330","Blue Noddy",19.536036036036
"331","Blue Petrel",6.37837837837838
"332","Blue Pitta",22.1801801801802
"333","Blue Swallow",37.1891891891892
"334","Bluebonnet",44.981981981982
"335","Bluethroat",11.0720720720721
"336","Blyth's Pipit",1.45045045045045
"337","Boat-billed Heron",5.72522522522523
"338","Boat-tailed Grackle",7.78378378378378
"339","Bobolink",38.1261261261261
"340","Bohemian Waxwing",18.3603603603604
"341","Bokmakierie",31.1576576576577
"342","Bonaparte's Gull",5.85135135135135
"343","Bonelli's Eagle",6.11261261261261
"344","Bonin Petrel",1.95945945945946
"345","Booted Eagle",35.0900900900901
"346","Booted Warbler",5.25225225225225
"347","Boreal Chickadee",9.78828828828829
"348","Boreal Owl",14.5675675675676
"349","Bougainville Moustached Kingfisher",2.94144144144144
"350","Boulder Chat",11.0675675675676
"351","Bourke's Parrot",6.45495495495495
"352","Brahminy Kite",24.6261261261261
"353","Brambling",36.6486486486486
"354","Brazilian Tanager",5.95495495495495
"355","Brewer's Blackbird",22.1846846846847
"356","Brewer's Sparrow",8.8963963963964
"357","Bridled Tern",7.8018018018018
"358","Bridled Titmouse",3.27027027027027
"359","Broad-billed Roller",1.01801801801802
"360","Broad-billed Sandpiper",3.86936936936937
"361","Broad-tailed Hummingbird",7.27927927927928
"362","Bronze-winged Courser",2.96846846846847
"363","Bronze Mannikin",9.02252252252252
"364","Bronzed Cowbird",8.72522522522523
"365","Bronzed Drongo",4.65315315315315
"366","Brown-chested Martin",2.06756756756757
"367","Brown-crested Flycatcher",2.85135135135135
"368","Brown-eared Bulbul",7.72072072072072
"369","Brown-headed Barbet",7.31081081081081
"370","Brown-headed Cowbird",11.2072072072072
"371","Brown-headed Gull",3.03603603603604
"372","Brown-hooded Gull",0.806306306306306
"373","Brown-throated Sunbird",6.23423423423423
"374","Brown Booby",14.5630630630631
"375","Brown Bullfinch",7.10810810810811
"376","Brown Falcon",25.4369369369369
"377","Brown Goshawk",8.36486486486486
"378","Brown Honeyeater",7.39189189189189
"379","Brown Jay",17.8378378378378
"380","Brown Lory",10.2657657657658
"381","Brown Noddy",13.1936936936937
"382","Brown Oriole",12.7342342342342
"383","Brown Parrot",35.9189189189189
"384","Brown Pelican",18.9369369369369
"385","Brown Shrike",13.545045045045
"386","Brown Skua",10.1891891891892
"387","Brown Tanager",6.2972972972973
"388","Brown Thornbill",8.88738738738739
"389","Brown Treecreeper",5.61711711711712
"390","Brown Whistler",16.0810810810811
"391","Brubru",13.1891891891892
"392","Brush Cuckoo",5.32432432432432
"393","Budgerigar",27.2387387387387
"394","Buff-banded Rail",2.77027027027027
"395","Buff-bellied Pipit",3.40990990990991
"396","Buff-breasted Sandpiper",6.16666666666667
"397","Buff-faced Pygmy-parrot",3.36936936936937
"398","Bull-headed Shrike",3.18468468468468
"399","Buller's Albatross",5.25675675675676
"400","Bullock's Oriole",9.14864864864865
"401","Bumblebee Hummingbird",18.3693693693694
"402","Burrowing Owl",35.6171171171171
"403","Burrowing Parrot",6.15765765765766
"404","Calandra Lark",8.12612612612613
"405","Calayan Rail",1.28837209302326
"406","California Condor",29.1711711711712
"407","California Gull",11.4144144144144
"408","California Towhee",19.1666666666667
"409","Calliope Hummingbird",18.7657657657658
"410","Cambodian Tailorbird",1.12612612612613
"411","Campo Flicker",2.90990990990991
"412","Campo Troupial",9.98198198198198
"413","Canada Warbler",22.0495495495495
"414","Canyon Towhee",6.90990990990991
"415","Cape Bulbul",16.6441441441441
"416","Cape Bunting",8.22972972972973
"417","Cape Canary",38.1261261261261
"418","Cape Cormorant",8.42792792792793
"419","Cape Crow",23.9504504504505
"420","Cape Gannet",13.6261261261261
"421","Cape May Warbler",4.14027149321267
"422","Cape Parrot",23.8963963963964
"423","Cape Petrel",9.93693693693694
"424","Cape Sparrow",12.3423423423423
"425","Cape Sugarbird",7.44144144144144
"426","Cape Vulture",16.8378378378378
"427","Cape Wagtail",6.73423423423423
"428","Cape Weaver",15.3063063063063
"429","Cape White-eye",3.03603603603604
"430","Capped Heron",10.2702702702703
"431","Cardinal Woodpecker",27.5135135135135
"432","Carib Grackle",8.47297297297297
"433","Caribbean Martin",32.5675675675676
"434","Carolina Chickadee",29.4684684684685
"435","Carrion Crow",29.2612612612613
"436","Carunculated Caracara",4.53153153153153
"437","Caspian Gull",11.0990990990991
"438","Caspian Plover",8.86486486486486
"439","Caspian Tern",29.3693693693694
"440","Caspian Tit",3.72522522522523
"441","Cassin's Auklet",4.36486486486486
"442","Cassin's Finch",3.81981981981982
"443","Cassin's Vireo",4.65315315315315
"444","Cattle Egret",41.8288288288288
"445","Cattle Tyrant",3.47747747747748
"446","Cave Swallow",14.5405405405405
"447","Cebu Flowerpecker",6.58108108108108
"448","Cedar Waxwing",38.5720720720721
"449","Cerulean Warbler",16.8873873873874
"450","Cetti's Warbler",3.31531531531532
"451","Chaco Owl",5.63963963963964
"452","Channel-billed Cuckoo",5.84684684684685
"453","Channel-billed Toucan",6.22972972972973
"454","Chatham Albatross",8.01801801801802
"455","Chatham Petrel",3.81981981981982
"456","Chattering Lory",11.2297297297297
"457","Cherry-throated Tanager",1.0045045045045
"458","Chestnut-backed Chickadee",7.54054054054054
"459","Chestnut-breasted Mannikin",0.936936936936937
"460","Chestnut-crowned Babbler",2.54054054054054
"461","Chestnut-eared Bunting",0.725225225225225
"462","Chestnut-headed Bee-eater",3.21621621621622
"463","Chestnut-sided Warbler",7.2972972972973
"464","Chestnut Bunting",4.32882882882883
"465","Chestnut Munia",1.67873303167421
"466","Chestnut Rail",18.1711711711712
"467","Chestnut Sparrow",9.59459459459459
"468","Chestnut Woodpecker",3.68468468468468
"469","Chihuahuan Raven",6.23423423423423
"470","Chilean Tinamou",5.20720720720721
"471","Chimango Caracara",4.16216216216216
"472","Chiming Wedgebill",5.36936936936937
"473","Chinese Crested Tern",2.56756756756757
"474","Chinese Egret",7.5045045045045
"475","Chinese Sparrowhawk",13.954954954955
"476","Chinstrap Penguin",19.8558558558559
"477","Chipping Sparrow",21.2567567567568
"478","Chopi Blackbird",2.15765765765766
"479","Chowchilla",38.2657657657658
"480","Christmas Island Frigatebird",6.40540540540541
"481","Cinderella Waxbill",5.18018018018018
"482","Cinereous Bulbul",3.94594594594595
"483","Cinereous Bunting",4.79279279279279
"484","Cinereous Vulture",12.8333333333333
"485","Cinnamon Bittern",4.53153153153153
"486","Cirl Bunting",15.2792792792793
"487","Citril Finch",5.02252252252252
"488","Citrine Wagtail",10.6396396396396
"489","Clapper Rail",22.5540540540541
"490","Clark's Nutcracker",15.5900900900901
"491","Clay-colored Sparrow",6.13063063063063
"492","Cliff Swallow",32.0315315315315
"493","Coal Tit",16.4189189189189
"494","Cockatiel",46.5765765765766
"495","Cocoi Heron",7.5990990990991
"496","Coconut Lorikeet",5.7972972972973
"497","Colima Warbler",3.76576576576577
"498","Collared Crow",6.4009009009009
"499","Collared Falconet",5.67117117117117
"500","Collared Flycatcher",12.5855855855856
"501","Collared Kingfisher",23.6306306306306
"502","Collared Lory",3.17117117117117
"503","Collared Owlet",9.06306306306306
"504","Collared Plover",4.15315315315315
"505","Collared Pratincole",3.63063063063063
"506","Collared Puffbird",3.67567567567568
"507","Collared Sparrowhawk",8.46396396396396
"508","Collared Sunbird",8.19369369369369
"509","Collared Trogon",4.6036036036036
"510","Comb-crested Jacana",3.24774774774775
"511","Common Babbler",16.6441441441441
"512","Common Black Hawk",21.7927927927928
"513","Common Bulbul",22.1981981981982
"514","Common Buttonquail",6.25225225225225
"515","Common Chaffinch",8.27927927927928
"516","Common Chiffchaff",5.81531531531532
"517","Common Coot",12.4504504504505
"518","Common Crane",32.1666666666667
"519","Common Cuckoo",26.7342342342342
"520","Common Firecrest",5.37837837837838
"521","Common Fiscal",37.4459459459459
"522","Common Flameback",5.83333333333333
"523","Common Gallinule",21.4459459459459
"524","Common Grackle",20.3378378378378
"525","Common Green Magpie",13.7882882882883
"526","Common Greenshank",6.96396396396396
"527","Common Hoopoe",19.0945945945946
"528","Common Iora",16.1351351351351
"529","Common Kestrel",13.7927927927928
"530","Common Kingfisher",26.2702702702703
"531","Common Linnet",1.69724770642202
"532","Common Loon",22.6576576576577
"533","Common Miner",20.0900900900901
"534","Common Moorhen",33.9189189189189
"535","Common Murre",14.963963963964
"536","Common Nightingale",16.6036036036036
"537","Common Ostrich",24.2702702702703
"538","Common Raven",29.9054054054054
"539","Common Redshank",18.2117117117117
"540","Common Redstart",11.6441441441441
"541","Common Ringed Plover",11.2972972972973
"542","Common Rosefinch",13.6666666666667
"543","Common Sandpiper",30.4279279279279
"544","Common Snipe",20.5765765765766
"545","Common Stonechat",9.93693693693694
"546","Common Tailorbird",16.8558558558559
"547","Common Tern",27.3288288288288
"548","Common Waxbill",9.38738738738739
"549","Common White Tern",4.22072072072072
"550","Common Woodshrike",10.3648648648649
"551","Common Yellowthroat",19.7342342342342
"552","Compact Weaver",14.2342342342342
"553","Connecticut Warbler",9.74774774774775
"554","Cook's Petrel",3.77477477477477
"555","Cooper's Hawk",36.6441441441441
"556","Coppersmith Barbet",16.1486486486486
"557","Cordilleran Flycatcher",4.66216216216216
"558","Corn Bunting",23.4144144144144
"559","Corncrake",34.1081081081081
"560","Costa's Hummingbird",9.48198198198198
"561","Crane Hawk",10.7072072072072
"562","Cream-colored Woodpecker",1.24774774774775
"563","Cream-coloured Courser",3.12612612612613
"564","Crescent-chested Warbler",2.97747747747748
"565","Crescent Honeyeater",26.1846846846847
"566","Crested Auklet",7.03153153153153
"567","Crested Barbet",22.5720720720721
"568","Crested Bellbird",2.72072072072072
"569","Crested Bunting",6.81531531531532
"570","Crested Caracara",22.3513513513514
"571","Crested Coua",6.36036036036036
"572","Crested Eagle",27.4369369369369
"573","Crested Goshawk",16.5720720720721
"574","Crested Jay",18.3693693693694
"575","Crested Kingfisher",10.2747747747748
"576","Crested Lark",18.8063063063063
"577","Crested Oropendola",5.27027027027027
"578","Crested Owl",17.454954954955
"579","Crested Quetzal",3.32432432432432
"580","Crested Tit",24.3918918918919
"581","Crimson-rumped Toucanet",5
"582","Crimson Chat",10.6261261261261
"583","Crimson Rosella",33.8918918918919
"584","Crimson Sunbird",25.2657657657658
"585","Crowned Eagle",12.8738738738739
"586","Crowned Hornbill",10.9369369369369
"587","Crowned Lapwing",5.87387387387387
"588","Crowned Solitary Eagle",5.39189189189189
"589","Cuban Amazon",49.1036036036036
"590","Cuban Bullfinch",5.45045045045045
"591","Cuban Crow",14.981981981982
"592","Cuban Grassquit",4.05405405405405
"593","Cuban Green Woodpecker",2.31981981981982
"594","Cuban Kite",5.36486486486486
"595","Cuban Martin",6.51801801801802
"596","Cuban Pewee",1.62162162162162
"597","Cuban Tody",17.2297297297297
"598","Cuban Trogon",8.8018018018018
"599","Cuban Vireo",2.09009009009009
"600","Cuckoo Roller",7.98648648648649
"601","Curl-crested Jay",1.15765765765766
"602","Curl-crested Manucode",2.11711711711712
"603","Curlew Sandpiper",28.2747747747748
"604","Dalmatian Pelican",6.28828828828829
"605","Dark-billed Cuckoo",1.58108108108108
"606","Dark-eyed Junco",10.0630630630631
"607","Dark-necked Tailorbird",1.72072072072072
"608","Daurian Jackdaw",7.74774774774775
"609","Daurian Redstart",3.73873873873874
"610","Dead Sea Sparrow",3.24324324324324
"611","Demoiselle Crane",18.7567567567568
"612","Desert Finch",15.3693693693694
"613","Desert Lark",9.59009009009009
"614","Desert Sparrow",15.954954954955
"615","Desert Tawny Owl",5.28828828828829
"616","Desert Wheatear",9.26576576576577
"617","Diamond Firetail",11.2837837837838
"618","Dickcissel",14.981981981982
"619","Diederik Cuckoo",6.59459459459459
"620","Dolphin Gull",8.50900900900901
"621","Donacobius",3.67117117117117
"622","Double-crested Cormorant",11.2972972972973
"623","Double-toothed Kite",1.14414414414414
"624","Downy Woodpecker",29.0045045045045
"625","Drab Seedeater",1.41441441441441
"626","Dunlin",58.3918918918919
"627","Dunnock",20.8198198198198
"628","Dusky Lory",5.6036036036036
"629","Dusky Moorhen",13.536036036036
"630","Dusky Parrot",4.11711711711712
"631","Dusky Robin",16.8513513513514
"632","Dusky Tetraka",2.27477477477477
"633","Dusky Warbler",7.27927927927928
"634","Dusky Woodswallow",9.35585585585586
"635","Dwarf Bittern",6.1981981981982
"636","Dwarf Jay",12.3468468468468
"637","Eared Pitta",1.96846846846847
"638","Eared Quetzal",4.15315315315315
"639","Eastern Bristlebird",3.88288288288288
"640","Eastern Crowned Warbler",1.32882882882883
"641","Eastern Goldfinch",11.9954954954955
"642","Eastern Imperial Eagle",3.67567567567568
"643","Eastern Kingbird",15.490990990991
"644","Eastern Koel",8.5045045045045
"645","Eastern Meadowlark",16.0585585585586
"646","Eastern Phoebe",19.8333333333333
"647","Eastern Rosella",19.4504504504505
"648","Eastern Screech-owl",5.51801801801802
"649","Eastern Spinebill",10.0855855855856
"650","Eastern Towhee",20.0855855855856
"651","Eastern Whipbird",8.35585585585586
"652","Eastern Wood-pewee",4.3963963963964
"653","Eastern Yellow Robin",8.09009009009009
"654","Eastern Yellow Wagtail",8.18468468468468
"655","Echo Parakeet",7.59459459459459
"656","Egyptian Plover",16.463963963964
"657","Egyptian Vulture",14.1621621621622
"658","Elegant Crested Tinamou",2.40540540540541
"659","Elegant Parrot",11.1576576576577
"660","Elegant Pitta",1.79279279279279
"661","Elegant Tern",3.37837837837838
"662","Elegant Tit",12.2927927927928
"663","Elegant Trogon",15.4459459459459
"664","Eleonora's Falcon",4.67117117117117
"665","Elf Owl",18.1036036036036
"666","Elfin Woods Warbler",2.15765765765766
"667","Emerald Tanager",3.33333333333333
"668","Emerald Toucanet",9.02252252252252
"669","Emperor Penguin",26.7342342342342
"670","Erect-crested Penguin",5.35585585585586
"671","Eskimo Curlew",13.5225225225225
"672","Eurasian Bittern",4.46396396396396
"673","Eurasian Blackcap",6.54504504504505
"674","Eurasian Blue Tit",11.9414414414414
"675","Eurasian Bullfinch",15.463963963964
"676","Eurasian Crag Martin",5.92792792792793
"677","Eurasian Curlew",7.94144144144144
"678","Eurasian Dotterel",4.35585585585586
"679","Eurasian Eagle-owl",11.2792792792793
"680","Eurasian Golden Oriole",10.4369369369369
"681","Eurasian Hobby",9.61261261261261
"682","Eurasian Jackdaw",5.86486486486486
"683","Eurasian Jay",17.6396396396396
"684","Eurasian Magpie",18.0585585585586
"685","Eurasian Oystercatcher",7.29279279279279
"686","Eurasian Siskin",6.48648648648649
"687","Eurasian Skylark",8.47747747747748
"688","Eurasian Sparrowhawk",13.2207207207207
"689","Eurasian Spoonbill",7.85585585585586
"690","Eurasian Tree Sparrow",13.5720720720721
"691","Eurasian Woodcock",6.85585585585586
"692","Eurasian Wryneck",9.07207207207207
"693","European Bee-eater",4.29279279279279
"694","European Goldfinch",20.4459459459459
"695","European Greenfinch",10.3423423423423
"696","European Herring Gull",9.07657657657658
"697","European Pied Flycatcher",4.45495495495495
"698","European Roller",20.536036036036
"699","European Serin",6.01801801801802
"700","European Shag",5.59009009009009
"701","Evening Grosbeak",18.7882882882883
"702","Eyrean Grasswren",2.26576576576577
"703","Fairy Martin",24.4504504504505
"704","Fairy Pitta",8.02252252252252
"705","Fairy Prion",5.47747747747748
"706","Fairy Tern",17.2747747747748
"707","Familiar Chat",17.4144144144144
"708","Fan-tailed Warbler",2.98198198198198
"709","Far Eastern Curlew",10.509009009009
"710","Fearful Owl",6.40990990990991
"711","Fernwren",3.64414414414414
"712","Ferruginous Pygmy-owl",4.86486486486486
"713","Field Sparrow",17.8423423423423
"714","Fiji Parrotfinch",1.2972972972973
"715","Fiji Petrel",1.4009009009009
"716","Fiordland Penguin",11.0585585585586
"717","Fire-tailed Sunbird",1.35135135135135
"718","Firethroat",4.26576576576577
"719","Fischer's Lovebird",11.7027027027027
"720","Fish Crow",36.2432432432432
"721","Flame-crowned Flowerpecker",1.04954954954955
"722","Flame-faced Tanager",1.8963963963964
"723","Flame Bowerbird",3.52702702702703
"724","Flame Robin",26.009009009009
"725","Flamecrest",8.27027027027027
"726","Flammulated Owl",13.8558558558559
"727","Flightless Cormorant",11.1441441441441
"728","Flores Crow",8.62612612612613
"729","Flores Monarch",16.0540540540541
"730","Florida Scrub-jay",6.49099099099099
"731","Forest Bittern",4.68018018018018
"732","Forest Canary",14.5675675675676
"733","Forest Kingfisher",23.0135135135135
"734","Forest Owlet",20.7207207207207
"735","Forest Raven",30.4774774774775
"736","Forest Swallow",16.3918918918919
"737","Forest Wagtail",11.1801801801802
"738","Fork-tailed Drongo",2.25225225225225
"739","Fork-tailed Flycatcher",3.78828828828829
"740","Fork-tailed Sunbird",2.5990990990991
"741","Forster's Tern",5.81531531531532
"742","Forty-spotted Pardalote",2.81081081081081
"743","Fox Kestrel",12.4054054054054
"744","Franklin's Gull",8.54504504504505
"745","Gabar Goshawk",8.50900900900901
"746","Galah",51.545045045045
"747","Galapagos Martin",17.4144144144144
"748","Galapagos Penguin",18.3108108108108
"749","Galapagos Rail",6.17117117117117
"750","Gang-gang Cockatoo",9.64864864864865
"751","Garden Warbler",17.1576576576577
"752","Gentoo Penguin",22.0495495495495
"753","Giant Antpitta",3.24774774774775
"754","Giant Coot",3.12612612612613
"755","Giant Ibis",32.5225225225225
"756","Giant Kingbird",1.64864864864865
"757","Giant Kingfisher",25.2432432432432
"758","Giant Pitta",4.05855855855856
"759","Giant Snipe",10.7882882882883
"760","Giant Weaver",9.46396396396396
"761","Gila Woodpecker",10.1351351351351
"762","Gilded Flicker",8.45045045045045
"763","Glaucous-winged Gull",5.45495495495495
"764","Glaucous Gull",9.83783783783784
"765","Glaucous Macaw",10.8738738738739
"766","Glossy Ibis",20.963963963964
"767","Gola Malimbe",2.97747747747748
"768","Goldcrest",47.8558558558559
"769","Golden-bellied Gerygone",6.73873873873874
"770","Golden-capped Parakeet",4.63063063063063
"771","Golden-cheeked Warbler",7.54954954954955
"772","Golden-chevroned Tanager",1.79279279279279
"773","Golden-crowned Kinglet",9.72972972972973
"774","Golden-crowned Sparrow",7.41891891891892
"775","Golden-crowned Warbler",3.09009009009009
"776","Golden-fronted Bowerbird",1.18018018018018
"777","Golden-fronted Leafbird",2.63063063063063
"778","Golden-fronted Woodpecker",4.68918918918919
"779","Golden-headed Cisticola",6.49099099099099
"780","Golden-winged Sparrow",1.50900900900901
"781","Golden-winged Warbler",15.3153153153153
"782","Golden Bowerbird",7.21171171171171
"783","Golden Eagle",39.7972972972973
"784","Golden Grosbeak",5.01801801801802
"785","Golden Masked-owl",1.44144144144144
"786","Golden Monarch",23.4189189189189
"787","Golden Palm Weaver",0.954954954954955
"788","Golden Parakeet",17.6261261261261
"789","Golden Pipit",8.01351351351351
"790","Golden Swallow",24.4189189189189
"791","Golden Tanager",14.6441441441441
"792","Golden Whistler",22.1531531531532
"793","Goldenface",11.4189189189189
"794","Goliath Heron",11.1621621621622
"795","Gouldian Finch",36.7342342342342
"796","Grace's Warbler",1.69369369369369
"797","Graceful Prinia",4.87387387387387
"798","Grasshopper Sparrow",19.9279279279279
"799","Great-tailed Grackle",13.9864864864865
"800","Great-winged Petrel",3.76576576576577
"801","Great Barbet",12.2657657657658
"802","Great Black-backed Gull",12.4459459459459
"803","Great Black Hawk",11.490990990991
"804","Great Blue Heron",28.1531531531532
"805","Great Blue Turaco",6.13063063063063
"806","Great Bowerbird",5.55405405405405
"807","Great Bustard",20.3108108108108
"808","Great Cormorant",30.5135135135135
"809","Great Crested Flycatcher",15.4009009009009
"810","Great Frigatebird",5.0990990990991
"811","Great Green Macaw",12.4189189189189
"812","Great Grey Owl",13.8738738738739
"813","Great Grey Shrike",13.6576576576577
"814","Great Hornbill",9.93243243243243
"815","Great Horned Owl",46.027027027027
"816","Great Indian Bustard",19.1801801801802
"817","Great Kiskadee",10.6621621621622
"818","Great Knot",29.6756756756757
"819","Great Rosefinch",6.95045045045045
"820","Great Shearwater",13.4324324324324
"821","Great Skua",8.51801801801802
"822","Great Slaty Woodpecker",2.3018018018018
"823","Great Snipe",13.6621621621622
"824","Great Sparrow",29.2342342342342
"825","Great Spotted Cuckoo",5.83783783783784
"826","Great Spotted Woodpecker",21.5720720720721
"827","Great Tinamou",8.76576576576577
"828","Great Tit",28.0765765765766
"829","Great White Egret",26.4504504504505
"830","Great White Heron",24.1216216216216
"831","Great White Pelican",22.4099099099099
"832","Greater Adjutant",10.5045045045045
"833","Greater Ani",9.96846846846847
"834","Greater Antillean Bullfinch",10.2117117117117
"835","Greater Antillean Grackle",3.42792792792793
"836","Greater Bird-of-paradise",3.09009009009009
"837","Greater Coucal",18.8288288288288
"838","Greater Crested Tern",3.66216216216216
"839","Greater Flameback",11.3108108108108
"840","Greater Green Leafbird",3.98648648648649
"841","Greater Honeyguide",5.47747747747748
"842","Greater Pewee",5.32882882882883
"843","Greater Rhea",12.9774774774775
"844","Greater Roadrunner",9.63513513513514
"845","Greater Sandplover",2.07657657657658
"846","Greater Spotted Eagle",9.03153153153153
"847","Greater Yellowlegs",8.86936936936937
"848","Greater Yellownape",4.18468468468468
"849","Green-backed Tit",4.56306306306306
"850","Green-billed Coucal",2.59459459459459
"851","Green-billed Malkoha",5.31531531531532
"852","Green-cheeked Parakeet",8.81531531531532
"853","Green-headed Tanager",2.63963963963964
"854","Green-tailed Towhee",4.14864864864865
"855","Green Barbet",12.536036036036
"856","Green Broadbill",9.30630630630631
"857","Green Catbird",7.34684684684685
"858","Green Honeycreeper",6.18018018018018
"859","Green Ibis",48.4774774774775
"860","Green Iora",3.78378378378378
"861","Green Jay",18.1486486486486
"862","Green Kingfisher",41.0630630630631
"863","Green Oriole",22.9054054054054
"864","Green Parakeet",34.0225225225225
"865","Green Rosella",22.981981981982
"866","Green Sandpiper",15.7927927927928
"867","Green Turaco",10.4279279279279
"868","Green Warbler",23.3423423423423
"869","Green Woodhoopoe",2.98198198198198
"870","Greenish Warbler",17.5135135135135
"871","Grey-backed Shrike",4.30630630630631
"872","Grey-crowned Babbler",2.75675675675676
"873","Grey-crowned Warbler",1.05855855855856
"874","Grey-headed Albatross",3.94144144144144
"875","Grey-headed Lapwing",2.18918918918919
"876","Grey-headed Lovebird",3.67567567567568
"877","Grey-headed Woodpecker",3.87387387387387
"878","Grey Bunting",23.4099099099099
"879","Grey Bushchat",12.7027027027027
"880","Grey Butcherbird",12.4594594594595
"881","Grey Crow",24.8378378378378
"882","Grey Crowned Crane",24.9234234234234
"883","Grey Currawong",5.39189189189189
"884","Grey Falcon",41.1981981981982
"885","Grey Fantail",16.1981981981982
"886","Grey Go-away-bird",5.59009009009009
"887","Grey Goshawk",9.54504504504505
"888","Grey Grasswren",2.38738738738739
"889","Grey Gull",27.036036036036
"890","Grey Heron",33.9774774774775
"891","Grey Jay",12.2027027027027
"892","Grey Kestrel",13
"893","Grey Kingbird",9.77027027027027
"894","Grey Parrot",54.6576576576577
"895","Grey Petrel",9.65765765765766
"896","Grey Plover",15.7567567567568
"897","Grey Tinamou",2.95945945945946
"898","Grey Tit",31.7567567567568
"899","Grey Treepie",11.4774774774775
"900","Grey Vireo",8.08558558558559
"901","Grey Wagtail",25.8333333333333
"902","Grey Whistler",14.7162162162162
"903","Grey Woodpecker",26.6441441441441
"904","Griffon Vulture",22.8243243243243
"905","Groove-billed Ani",3.07657657657658
"906","Ground Parrot",20.8198198198198
"907","Ground Tit",15.2612612612613
"908","Ground Woodpecker",11.3513513513514
"909","Guadalcanal Moustached Kingfisher",0.617117117117117
"910","Guadalupe Murrelet",7.40540540540541
"911","Guaiabero",10.0765765765766
"912","Guam Kingfisher",5.38288288288288
"913","Guam Rail",10.1351351351351
"914","Guanay Cormorant",2.53153153153153
"915","Guayaquil Woodpecker",2.53603603603604
"916","Guira Cuckoo",5.03603603603604
"917","Gyrfalcon",32.6081081081081
"918","Hadada Ibis",10.8693693693694
"919","Hair-crested Drongo",7.06756756756757
"920","Hairy Woodpecker",30.036036036036
"921","Hamerkop",21.4684684684685
"922","Hammond's Flycatcher",9.46396396396396
"923","Harpy Eagle",8.76576576576577
"924","Hawaii Creeper",10.0945945945946
"925","Hawaiian Coot",5.72072072072072
"926","Hawaiian Crow",11.1261261261261
"927","Hawaiian Petrel",13.2162162162162
"928","Hawfinch",14.4684684684685
"929","Helmet Vanga",8.35135135135135
"930","Helmeted Friarbird",8.08108108108108
"931","Helmeted Hornbill",9.33783783783784
"932","Hen Harrier",20.2972972972973
"933","Henderson Crake",7.25675675675676
"934","Henderson Petrel",2.05405405405405
"935","Henslow's Sparrow",3.5045045045045
"936","Hepatic Tanager",7.81531531531532
"937","Herald Petrel",3.41441441441441
"938","Hermit Warbler",11.7387387387387
"939","Hill Prinia",5.32882882882883
"940","Himalayan Bulbul",12.1036036036036
"941","Himalayan Cuckoo",4.59459459459459
"942","Himalayan Griffon",11.8243243243243
"943","Himalayan Owl",7.43693693693694
"944","Hispaniolan Amazon",4.24324324324324
"945","Hispaniolan Trogon",9.4009009009009
"946","Hoatzin",23.6306306306306
"947","Hooded Crane",2.27397260273973
"948","Hooded Oriole",19.2432432432432
"949","Hooded Parrot",8.35135135135135
"950","Hooded Pitohui",7.83333333333333
"951","Hooded Plover",12.9504504504505
"952","Hooded Robin",12.3513513513514
"953","Hooded Siskin",7.3963963963964
"954","Hooded Tanager",5.22072072072072
"955","Hooded Treepie",4.61711711711712
"956","Hooded Vulture",6.9954954954955
"957","Hooded Warbler",10.4594594594595
"958","Hooded Wheatear",7.34684684684685
"959","Horned Lark",11.2207207207207
"960","Horned Parakeet",6.86036036036036
"961","Horned Puffin",12.2567567567568
"962","House Bunting",34.472972972973
"963","House Crow",44.8738738738739
"964","House Finch",25.0990990990991
"965","House Sparrow",29.6666666666667
"966","House Swallow",36.963963963964
"967","Hudsonian Godwit",10.7477477477477
"968","Humboldt Penguin",24.8378378378378
"969","Hyacinth Macaw",47.3963963963964
"970","Hypocolius",6.36486486486486
"971","Ibadan Malimbe",5.17117117117117
"972","Iberian Chiffchaff",6.4954954954955
"973","Ibisbill",5.59459459459459
"974","Iceland Gull",13.4369369369369
"975","Icterine Greenbul",0.815315315315315
"976","Icterine Warbler",4.10810810810811
"977","Iiwi",16.0540540540541
"978","Imperial Amazon",43.6126126126126
"979","Imperial Shag",3.21171171171171
"980","Imperial Woodpecker",5.75225225225225
"981","Inaccessible Rail",9.09009009009009
"982","Inca Tern",10.1711711711712
"983","Indian Cormorant",8.46846846846847
"984","Indian Courser",2.1036036036036
"985","Indian Cuckoo",19.2522522522523
"986","Indian Golden Oriole",13.0225225225225
"987","Indian Grey Hornbill",20.7117117117117
"988","Indian Pitta",32.3378378378378
"989","Indian Roller",29.2612612612613
"990","Indian Silverbill",13.1666666666667
"991","Indian Skimmer",10.0495495495495
"992","Indian Spotted Eagle",7.94144144144144
"993","Indian Vulture",33.954954954955
"994","Indian White-eye",3.71171171171171
"995","Indigo Bunting",10.972972972973
"996","Intermediate Egret",10.1711711711712
"997","Iris Lorikeet",3.08558558558559
"998","Isabela Oriole",5.68468468468468
"999","Isabelline Shrike",6.48648648648649
"1000","Isabelline Wheatear",8.26576576576577
"1001","Island Canary",29.8468468468468
"1002","Island Monarch",44.3378378378378
"1003","Island Whistler",31.6396396396396
"1004","Italian Sparrow",22.8918918918919
"1005","Ivory-billed Woodpecker",3.59821428571429
"1006","Ivory Gull",8.01801801801802
"1007","Jabiru",39.7387387387387
"1008","Jack Snipe",14.7612612612613
"1009","Jacky Winter",18.2567567567568
"1010","Jacobin Cuckoo",8.92792792792793
"1011","Jamaican Crow",17.7207207207207
"1012","Jamaican Oriole",5.2027027027027
"1013","Jamaican Owl",11.0990990990991
"1014","Jamaican Petrel",1.8018018018018
"1015","Jamaican Tody",2.36936936936937
"1016","Jandaya Parakeet",3.22072072072072
"1017","Japanese Cormorant",9.76126126126126
"1018","Japanese Grosbeak",2.66666666666667
"1019","Japanese Murrelet",3.03153153153153
"1020","Japanese Pygmy Woodpecker",3.49099099099099
"1021","Japanese Robin",21.0810810810811
"1022","Japanese Sparrowhawk",6.34684684684685
"1023","Japanese Wagtail",4.45045045045045
"1024","Japanese Waxwing",4.57657657657658
"1025","Japanese Woodpecker",13
"1026","Java Sparrow",22.4504504504505
"1027","Javan Green Magpie",5.94594594594595
"1028","Javan Hawk-eagle",3.1036036036036
"1029","Javan Kingfisher",11.4189189189189
"1030","Javan Lapwing",4.1036036036036
"1031","Javan Munia",9.24324324324324
"1032","Javan Owlet",15.5990990990991
"1033","Jerdon's Babbler",0.918918918918919
"1034","Jocotoco Antpitta",4.96396396396396
"1035","Jos Plateau Indigobird",3.07657657657658
"1036","Juan Fernandez Petrel",2.13063063063063
"1037","Jungle Owlet",22.6216216216216
"1038","Jungle Prinia",3.27927927927928
"1039","Juniper Titmouse",6.19369369369369
"1040","Kakapo",22.9054054054054
"1041","Karamoja Apalis",2.13063063063063
"1042","Karoo Chat",13.045045045045
"1043","Karoo Lark",4.68018018018018
"1044","Kashmir Flycatcher",8.31531531531532
"1045","Kauai Nukupuu",2.90540540540541
"1046","Kea",26.8288288288288
"1047","Keel-billed Toucan",7.52036199095023
"1048","Kelp Gull",7.98648648648649
"1049","Kentish Plover",12.2567567567568
"1050","Kentucky Warbler",13.3153153153153
"1051","Kerguelen Petrel",2.56306306306306
"1052","Kerguelen Shag",3.40540540540541
"1053","Kermadec Petrel",2.40990990990991
"1054","Kikau",11.5630630630631
"1055","Killdeer",37.7657657657658
"1056","King Bird-of-paradise",8.59459459459459
"1057","King of Saxony Bird-of-paradise",3.45045045045045
"1058","King Penguin",32.027027027027
"1059","King Rail",54.2432432432432
"1060","King Vulture",24.490990990991
"1061","Kirtland's Warbler",3.67117117117117
"1062","Knobbed Hornbill",12.8828828828829
"1063","Knysna Turaco",6.88738738738739
"1064","Kori Bustard",13.7477477477477
"1065","Kurdish Wheatear",3.31981981981982
"1066","Ladder-backed Woodpecker",6.05855855855856
"1067","Laggar Falcon",5.24324324324324
"1068","Lanceolated Warbler",2.53153153153153
"1069","Lanner Falcon",15.5405405405405
"1070","Lapland Longspur",9.47747747747748
"1071","Lappet-faced Vulture",7.90990990990991
"1072","Large-billed Crow",7.58108108108108
"1073","Large-billed Reed-warbler",0.630630630630631
"1074","Large Woodshrike",6.56756756756757
"1075","Lark Bunting",17.3513513513514
"1076","Lark Sparrow",18.027027027027
"1077","Laughing Falcon",15.7117117117117
"1078","Laughing Gull",18
"1079","Laughing Kookaburra",24.2792792792793
"1080","Lava Gull",4.27927927927928
"1081","Lavender Waxbill",6.11261261261261
"1082","Laysan Albatross",13.4684684684685
"1083","Lazuli Bunting",17.6486486486486
"1084","Lazy Cisticola",2.95495495495495
"1085","Leaden Flycatcher",10.7297297297297
"1086","Lear's Macaw",6.17567567567568
"1087","Least Auklet",1.66216216216216
"1088","Least Bittern",15.018018018018
"1089","Least Flycatcher",20.1081081081081
"1090","Least Sandpiper",17.490990990991
"1091","Least Tern",23.2252252252252
"1092","Lesser Adjutant",13.7657657657658
"1093","Lesser Black-backed Gull",10.8558558558559
"1094","Lesser Coucal",10.2882882882883
"1095","Lesser Crested Tern",11.0765765765766
"1096","Lesser Cuckoo",9.86936936936937
"1097","Lesser Florican",17.0495495495495
"1098","Lesser Frigatebird",12.4189189189189
"1099","Lesser Goldfinch",23.454954954955
"1100","Lesser Grey Shrike",7.20720720720721
"1101","Lesser Kestrel",14.7612612612613
"1102","Lesser Masked Weaver",2.09459459459459
"1103","Lesser Moorhen",2.11261261261261
"1104","Lesser Noddy",2.31981981981982
"1105","Lesser Rhea",4.52252252252252
"1106","Lesser Roadrunner",3.85585585585586
"1107","Lesser Spotted Eagle",14.6216216216216
"1108","Lesser Spotted Woodpecker",24.3963963963964
"1109","Lesser Yellowlegs",13.6081081081081
"1110","Levant Sparrowhawk",5.44144144144144
"1111","Lewin's Honeyeater",3.54954954954955
"1112","Liben Lark",4.8963963963964
"1113","Light-vented Bulbul",7.45945945945946
"1114","Lilac-breasted Roller",9.46846846846847
"1115","Lilacine Amazon",3.36936936936937
"1116","Limpkin",24.4414414414414
"1117","Lincoln's Sparrow",4.92342342342342
"1118","Lineated Barbet",10.7432432432432
"1119","Lineated Woodpecker",4.76576576576577
"1120","Lined Seedeater",3.06306306306306
"1121","Little Auk",6.12162162162162
"1122","Little Bee-eater",5.46396396396396
"1123","Little Black Cormorant",7.2972972972973
"1124","Little Blue Heron",29.8513513513514
"1125","Little Brown Bustard",1.69369369369369
"1126","Little Bunting",23.3333333333333
"1127","Little Bustard",13
"1128","Little Corella",18.6801801801802
"1129","Little Cormorant",27.5720720720721
"1130","Little Crake",5.84234234234234
"1131","Little Crow",46.0315315315315
"1132","Little Cuckoo",17.9684684684685
"1133","Little Curlew",11.8918918918919
"1134","Little Eagle",67.6396396396396
"1135","Little Egret",31.527027027027
"1136","Little Friarbird",5.1981981981982
"1137","Little Green Woodpecker",6.58558558558559
"1138","Little Gull",28.545045045045
"1139","Little Kingfisher",12.3333333333333
"1140","Little Lorikeet",14.5540540540541
"1141","Little Owl",60.2477477477477
"1142","Little Penguin",45.4594594594595
"1143","Little Pied Cormorant",11.2162162162162
"1144","Little Pied Flycatcher",5.03603603603604
"1145","Little Raven",48.5540540540541
"1146","Little Ringed Plover",17.5045045045045
"1147","Little Shearwater",8.08558558558559
"1148","Little Spiderhunter",6.91891891891892
"1149","Little Stint",13.3963963963964
"1150","Little Tern",14.0945945945946
"1151","Little Tinamou",2.05855855855856
"1152","Little Wattlebird",7.91441441441441
"1153","Little Weaver",35.518018018018
"1154","Little Woodpecker",20.6486486486486
"1155","Little Woodswallow",4.18018018018018
"1156","Livingstone's Turaco",2.68018018018018
"1157","Lizard Buzzard",9.41441441441441
"1158","Loggerhead Kingbird",4.53153153153153
"1159","Loggerhead Shrike",21.8693693693694
"1160","Long-billed Corella",3.66666666666667
"1161","Long-billed Curlew",10.0135135135135
"1162","Long-billed Dowitcher",10.2477477477477
"1163","Long-billed Murrelet",0.812182741116751
"1164","Long-tailed Finch",2.45495495495495
"1165","Long-tailed Jaeger",5.94144144144144
"1166","Long-tailed Minivet",3.02252252252252
"1167","Long-tailed Rosefinch",1.43693693693694
"1168","Long-tailed Shrike",4.90990990990991
"1169","Long-tailed Tit",14.1216216216216
"1170","Long-tailed Widowbird",3.60810810810811
"1171","Long-toed Stint",2.78378378378378
"1172","Long-whiskered Owlet",2.01351351351351
"1173","Louisiana Waterthrush",9.90540540540541
"1174","Lucifer Hummingbird",16.3693693693694
"1175","Luzon Hornbill",2.72072072072072
"1176","Macaroni Penguin",23.3198198198198
"1177","Madagascar Cuckoo",6.18468468468468
"1178","Madagascar Rail",8.51351351351351
"1179","Madagascar Red Owl",2.56944444444444
"1180","Madagascar Sacred Ibis",3.04954954954955
"1181","Madanga",5.77477477477477
"1182","Madeira Firecrest",8.4954954954955
"1183","Magellanic Penguin",17.009009009009
"1184","Magellanic Woodpecker",4.27027027027027
"1185","Magnificent Bird-of-paradise",1.2027027027027
"1186","Magnificent Frigatebird",30.3198198198198
"1187","Magnificent Riflebird",6.59459459459459
"1188","Magnolia Warbler",15.972972972973
"1189","Magpie-lark",4.54954954954955
"1190","Maguari Stork",3.97297297297297
"1191","Malabar Barbet",9.40990990990991
"1192","Malabar Grey Hornbill",16.2612612612613
"1193","Malabar Parakeet",5.82882882882883
"1194","Malabar Pied Hornbill",14.8648648648649
"1195","Malabar Trogon",15.3423423423423
"1196","Malachite Kingfisher",19.8648648648649
"1197","Malachite Sunbird",7.15765765765766
"1198","Mali Firefinch",1.55855855855856
"1199","Malia",20.2477477477477
"1200","Mallee Emu-wren",1.77477477477477
"1201","Mangrove Cuckoo",5.2027027027027
"1202","Mangrove Finch",6.92792792792793
"1203","Mangrove Pitta",3.89189189189189
"1204","Mangrove Swallow",2.06756756756757
"1205","Mangrove Whistler",5.91891891891892
"1206","Manx Shearwater",21.6936936936937
"1207","Mao",73.1576576576577
"1208","Marabou",27.8423423423423
"1209","Marbled Godwit",17.2207207207207
"1210","Marbled Murrelet",15.036036036036
"1211","Mariana Crow",9.62612612612613
"1212","Maroon-fronted Parrot",3.32882882882883
"1213","Maroon Oriole",6.11261261261261
"1214","Marsh Owl",14.5990990990991
"1215","Marsh Sandpiper",12.9459459459459
"1216","Marsh Tit",18.1936936936937
"1217","Marsh Warbler",13.8513513513514
"1218","Martial Eagle",29.8198198198198
"1219","Mascarene Petrel",3.56756756756757
"1220","Masked Booby",12.954954954955
"1221","Masked Bowerbird",5.18468468468468
"1222","Masked Finch",12.1621621621622
"1223","Masked Finfoot",3.24774774774775
"1224","Masked Flowerpiercer",2.56306306306306
"1225","Masked Lapwing",18.7567567567568
"1226","Masked Shrike",7.26126126126126
"1227","Masked Trogon",3.45045045045045
"1228","Maui Akepa",2.27477477477477
"1229","Maui Nukupuu",0.981981981981982
"1230","Maui Parrotbill",6.96846846846847
"1231","Mauritius Fody",7.22522522522523
"1232","Mauritius Kestrel",9.53153153153153
"1233","Mauritius Olive White-eye",2.53153153153153
"1234","Mayotte Drongo",3.02702702702703
"1235","McKay's Bunting",1.57657657657658
"1236","Meadow Bunting",6.29279279279279
"1237","Meadow Pipit",9.77927927927928
"1238","Mediterranean Gull",13.3738738738739
"1239","Melancholy Woodpecker",4.40990990990991
"1240","Melodious Warbler",5.23873873873874
"1241","Merlin",47
"1242","Mew Gull",15.1081081081081
"1243","Mexican Jay",32.3423423423423
"1244","Mexican Rail",25.4369369369369
"1245","Middle Spotted Woodpecker",7.37387387387387
"1246","Military Macaw",23.509009009009
"1247","Milky Stork",10.8513513513514
"1248","Millerbird",4.3018018018018
"1249","Mindanao Lorikeet",1.27477477477477
"1250","Mississippi Kite",24.0900900900901
"1251","Mistletoebird",2.86936936936937
"1252","Mitred Parakeet",8.81531531531532
"1253","Mongolian Finch",2.55855855855856
"1254","Mongolian Lark",7.71171171171171
"1255","Monk Parakeet",25.0765765765766
"1256","Monotonous Lark",4.52702702702703
"1257","Montezuma Oropendola",13.6801801801802
"1258","Montserrat Oriole",4.08108108108108
"1259","Morepork",29.2162162162162
"1260","Morningbird",11.0135135135135
"1261","Mottled Owl",12.8243243243243
"1262","Mountain Barbet",9.23423423423423
"1263","Mountain Caracara",3.79279279279279
"1264","Mountain Chickadee",27.3108108108108
"1265","Mountain Chiffchaff",1.62612612612613
"1266","Mountain Kingfisher",13.7117117117117
"1267","Mountain Oriole",6.43243243243243
"1268","Mountain Parakeet",8.86486486486486
"1269","Mountain Plover",13.7432432432432
"1270","Mountain Warbler",8.26576576576577
"1271","Mourning Warbler",14.9684684684685
"1272","Moustached Flowerpiercer",1.07207207207207
"1273","Moustached Puffbird",3.24324324324324
"1274","Moustached Warbler",3.74324324324324
"1275","Mugimaki Flycatcher",9.7027027027027
"1276","Mulga Parrot",11.7972972972973
"1277","Multicolored Tanager",4.57207207207207
"1278","Musk Lorikeet",24.481981981982
"1279","Myrtle Warbler",18.0495495495495
"1280","Nanday Parakeet",7.90990990990991
"1281","Nankeen Kestrel",11.7027027027027
"1282","Narcissus Flycatcher",4.58108108108108
"1283","Narcondam Hornbill",14.7477477477477
"1284","Narina Trogon",11.0225225225225
"1285","Nashville Warbler",18.6216216216216
"1286","Nazca Booby",12.4459459459459
"1287","Neddicky",9.96846846846847
"1288","Nelson's Sparrow",6.06756756756757
"1289","Neotropical Cormorant",2.37837837837838
"1290","New Caledonian Crow",13.0810810810811
"1291","New Holland Honeyeater",23.1036036036036
"1292","New Zealand Bellbird",10.8423423423423
"1293","New Zealand Falcon",23.2882882882883
"1294","New Zealand Fantail",22.6666666666667
"1295","New Zealand Kaka",14.8333333333333
"1296","Night Parrot",21.2162162162162
"1297","Nightingale Finch",8.5
"1298","Nihoa Finch",3.01351351351351
"1299","Nile Valley Sunbird",1.48648648648649
"1300","Nilgiri Pipit",4.02702702702703
"1301","Noisy Friarbird",11.036036036036
"1302","Noisy Miner",22.3648648648649
"1303","Noisy Pitta",9.35135135135135
"1304","North Island Kokako",4.07207207207207
"1305","North Island Robin",11.7972972972973
"1306","Northern Bald Ibis",9.85585585585586
"1307","Northern Boobook",2.4954954954955
"1308","Northern Cardinal",18.7207207207207
"1309","Northern Carmine Bee-eater",3.50900900900901
"1310","Northern Fulmar",6.51351351351351
"1311","Northern Gannet",21.536036036036
"1312","Northern Giant Petrel",4.95945945945946
"1313","Northern Goshawk",20.6396396396396
"1314","Northern Harrier",36
"1315","Northern House Martin",12.6036036036036
"1316","Northern Jacana",6.40540540540541
"1317","Northern Lapwing",3.23981900452489
"1318","Northern Parula",19.8648648648649
"1319","Northern Pygmy-owl",4.57207207207207
"1320","Northern Red Bishop",14.2207207207207
"1321","Northern Rockhopper Penguin",15.5540540540541
"1322","Northern Rosella",9.45495495495495
"1323","Northern Rough-winged Swallow",4.82432432432432
"1324","Northern Royal Albatross",9.23873873873874
"1325","Northern Saw-whet Owl",21.3288288288288
"1326","Northern Waterthrush",15.009009009009
"1327","Northern Wheatear",14.0945945945946
"1328","Northern White-faced Owl",10.4864864864865
"1329","Northwestern Crow",12.1126126126126
"1330","Nyasa Lovebird",17.9279279279279
"1331","Oahu Alauahio",1.34234234234234
"1332","Oak Titmouse",14.5135135135135
"1333","Okinawa Rail",16.0945945945946
"1334","Oleaginous Hemispingus",7.72072072072072
"1335","Olivaceous Warbler",6.78378378378378
"1336","Olive-backed Pipit",1.81531531531532
"1337","Olive-backed Sunbird",9.64414414414414
"1338","Olive-sided Flycatcher",12.545045045045
"1339","Olive Finch",28.3243243243243
"1340","Olive Flycatcher",16.8693693693694
"1341","Olive Ibis",11.3873873873874
"1342","Olive Sparrow",19.8873873873874
"1343","Olive Sunbird",16.7747747747748
"1344","Olive Warbler",10.2972972972973
"1345","Olive Whistler",9.5
"1346","Olive Woodpecker",7.53603603603604
"1347","Omani Owl",2.01351351351351
"1348","Orange-bellied Parrot",10.0495495495495
"1349","Orange-crowned Warbler",9.25675675675676
"1350","Orange-fronted Parakeet",3.41441441441441
"1351","Orange-winged Amazon",3.42792792792793
"1352","Orange Bullfinch",8.16666666666667
"1353","Orange Chat",34.6126126126126
"1354","Orange Oriole",8.5990990990991
"1355","Orange Weaver",25.8468468468468
"1356","Orchard Oriole",10.7387387387387
"1357","Oriental Darter",8.07207207207207
"1358","Oriental Dollarbird",9.14864864864865
"1359","Oriental Greenfinch",2.29279279279279
"1360","Oriental Hobby",52.4189189189189
"1361","Oriental Pied Hornbill",6.68918918918919
"1362","Oriental Plover",2.8963963963964
"1363","Oriental Pratincole",5.4954954954955
"1364","Oriental Skylark",10.954954954955
"1365","Oriental Stork",5.26126126126126
"1366","Oriole Blackbird",13.045045045045
"1367","Oriole Finch",10.990990990991
"1368","Oriole Warbler",11.7927927927928
"1369","Ornate Hawk-eagle",3.54054054054054
"1370","Ortolan Bunting",15.7072072072072
"1371","Osprey",59.0990990990991
"1372","Ou",57.2387387387387
"1373","Ovenbird",24.527027027027
"1374","Pacific Baza",10.1846846846847
"1375","Pacific Golden Plover",14.7972972972973
"1376","Pacific Gull",10.0315315315315
"1377","Pacific Loon",15.7072072072072
"1378","Pacific Parrotlet",18.8063063063063
"1379","Pacific Robin",16.981981981982
"1380","Paddyfield Pipit",6.00900900900901
"1381","Paddyfield Warbler",4.13963963963964
"1382","Painted Bunting",25.8063063063063
"1383","Painted Finch",18.0135135135135
"1384","Painted Honeyeater",6.55855855855856
"1385","Painted Stork",35.3918918918919
"1386","Palawan Flycatcher",2.86936936936937
"1387","Palawan Hornbill",13.9459459459459
"1388","Pale-billed Flowerpecker",1.83783783783784
"1389","Pale-headed Rosella",3.26576576576577
"1390","Pale Sparrow",7.94594594594595
"1391","Palestine Sunbird",8.8963963963964
"1392","Palila",23.5675675675676
"1393","Pallid Cuckoo",5.42342342342342
"1394","Pallid Harrier",16.6261261261261
"1395","Palm Cockatoo",37.7387387387387
"1396","Palm Crow",13.7567567567568
"1397","Palm Tanager",4.06306306306306
"1398","Palm Warbler",14.6756756756757
"1399","Palmchat",21.5277777777778
"1400","Papuan Eagle",7.43243243243243
"1401","Papyrus Gonolek",1.48198198198198
"1402","Paradise Riflebird",7.77027027027027
"1403","Paradise Tanager",9.58558558558559
"1404","Parakeet Auklet",4.13063063063063
"1405","Pardusco",18.036036036036
"1406","Parrot Crossbill",9.27477477477477
"1407","Pearl Kite",13.3468468468468
"1408","Pechora Pipit",3.87837837837838
"1409","Pectoral Sandpiper",17.9414414414414
"1410","Pelagic Cormorant",6.2972972972973
"1411","Peregrine Falcon",39.4054054054054
"1412","Perija Parakeet",2.70720720720721
"1413","Pernambuco Pygmy-owl",1.9009009009009
"1414","Persian Shearwater",3.84234234234234
"1415","Peruvian Booby",3.32432432432432
"1416","Peruvian Martin",12.8828828828829
"1417","Peruvian Pelican",4.81981981981982
"1418","Pesquet's Parrot",1.42792792792793
"1419","Phainopepla",16.7702702702703
"1420","Pheasant Coucal",22.7072072072072
"1421","Pheasant Cuckoo",9.98648648648649
"1422","Philadelphia Vireo",14.536036036036
"1423","Philippine Bulbul",4.03603603603604
"1424","Philippine Cockatoo",9.2027027027027
"1425","Philippine Coucal",5.53603603603604
"1426","Philippine Eagle",40.8783783783784
"1427","Philippine Falconet",4.6981981981982
"1428","Philippine Pitta",5.5045045045045
"1429","Philippine Trogon",2.7972972972973
"1430","Pied Avocet",8.9954954954955
"1431","Pied Bushchat",17.0495495495495
"1432","Pied Butcherbird",14.3738738738739
"1433","Pied Crow",23.7612612612613
"1434","Pied Currawong",16.7342342342342
"1435","Pied Falconet",2.46396396396396
"1436","Pied Goshawk",1.40990990990991
"1437","Pied Harrier",5
"1438","Pied Heron",10.9324324324324
"1439","Pied Kingfisher",14.6036036036036
"1440","Pied Lapwing",5.15315315315315
"1441","Pied Monarch",1.64414414414414
"1442","Pied Oystercatcher",11.4324324324324
"1443","Pied Triller",10.3873873873874
"1444","Pied Wheatear",8.85135135135135
"1445","Pigeon Guillemot",11.6576576576577
"1446","Pileated Finch",3.42792792792793
"1447","Pileated Woodpecker",30.536036036036
"1448","Pilotbird",2.60810810810811
"1449","Pin-tailed Whydah",13.5135135135135
"1450","Pine Bunting",12.6981981981982
"1451","Pine Flycatcher",2.5990990990991
"1452","Pine Grosbeak",22.3783783783784
"1453","Pine Siskin",19
"1454","Pine Warbler",27.2387387387387
"1455","Pink-backed Pelican",2.71621621621622
"1456","Pink Robin",24.6756756756757
"1457","Pinyon Jay",13.2117117117117
"1458","Piping Crow",2.17117117117117
"1459","Piping Plover",25.8918918918919
"1460","Pipipi",13.9774774774775
"1461","Piratic Flycatcher",3.02702702702703
"1462","Plain Flowerpecker",7.46396396396396
"1463","Plain Parakeet",4.68918918918919
"1464","Plain Prinia",14.2297297297297
"1465","Plains-wanderer",2.74774774774775
"1466","Plaintive Cuckoo",8.93243243243243
"1467","Plum-headed Parakeet",6.69369369369369
"1468","Plumbeous Kite",4.94594594594595
"1469","Plumbeous Vireo",5.85585585585586
"1470","Plush-crested Jay",2.31531531531532
"1471","Pomarine Jaeger",7.29279279279279
"1472","Powerful Owl",34.2657657657658
"1473","Prairie Falcon",23.8018018018018
"1474","Prairie Warbler",17.0900900900901
"1475","Predicted Antwren",0.855855855855856
"1476","Princess Parrot",31.6486486486486
"1477","Prothonotary Warbler",14.3333333333333
"1478","Providence Petrel",3.94144144144144
"1479","Puerto Rican Amazon",31.4954954954955
"1480","Puerto Rican Tody",4.96396396396396
"1481","Puerto Rican Woodpecker",1.72522522522523
"1482","Puna Ibis",7.79279279279279
"1483","Purple-rumped Sunbird",4.07657657657658
"1484","Purple-winged Roller",0.918918918918919
"1485","Purple Finch",36.2567567567568
"1486","Purple Gallinule",20.5720720720721
"1487","Purple Grenadier",11.2027027027027
"1488","Purple Heron",36.3108108108108
"1489","Purple Honeycreeper",8.18468468468468
"1490","Purple Martin",25.1846846846847
"1491","Purple Roller",41.0495495495495
"1492","Purple Sandpiper",34.0045045045045
"1493","Purple Sunbird",21.2072072072072
"1494","Purple Swamphen",27.0585585585586
"1495","Pygmy Cormorant",7.25675675675676
"1496","Pygmy Eagle",9.48648648648649
"1497","Pyrrhuloxia",10.2972972972973
"1498","Radde's Warbler",2.00900900900901
"1499","Raggiana Bird-of-paradise",5.27477477477477
"1500","Rainbow Bee-eater",6.5045045045045
"1501","Rainbow Lorikeet",50.8963963963964
"1502","Rainbow Pitta",8.90990990990991
"1503","Rajah Scops-owl",1.31081081081081
"1504","Razorbill",19.6711711711712
"1505","Red-and-green Macaw",12.6531531531532
"1506","Red-and-yellow Barbet",3.98648648648649
"1507","Red-backed Shrike",6.91891891891892
"1508","Red-bellied Woodpecker",20.5900900900901
"1509","Red-billed Blue Magpie",3.42792792792793
"1510","Red-billed Hornbill",10.2387387387387
"1511","Red-billed Quelea",6.4009009009009
"1512","Red-breasted Chat",1.35135135135135
"1513","Red-breasted Flycatcher",4.53153153153153
"1514","Red-breasted Parakeet",2.53603603603604
"1515","Red-breasted Sapsucker",3.62162162162162
"1516","Red-browed Finch",3.3963963963964
"1517","Red-cheeked Cordon-bleu",4.59459459459459
"1518","Red-cockaded Woodpecker",11.9819004524887
"1519","Red-collared Woodpecker",2.34684684684685
"1520","Red-crested Cardinal",7.90540540540541
"1521","Red-crested Turaco",2.3963963963964
"1522","Red-crowned Amazon",2.15765765765766
"1523","Red-crowned Crane",11.3333333333333
"1524","Red-eyed Vireo",7.32882882882883
"1525","Red-footed Booby",9.81531531531532
"1526","Red-footed Falcon",1.00571428571429
"1527","Red-fronted Macaw",4.13513513513514
"1528","Red-headed Barbet",6.06306306306306
"1529","Red-headed Falcon",3.14864864864865
"1530","Red-headed Finch",4.51801801801802
"1531","Red-headed Lovebird",3.95495495495495
"1532","Red-headed Vulture",4.02702702702703
"1533","Red-headed Woodpecker",9.69369369369369
"1534","Red-knobbed Coot",2.43243243243243
"1535","Red-legged Honeycreeper",3.62612612612613
"1536","Red-legged Kittiwake",2.33783783783784
"1537","Red-legged Seriema",2.33783783783784
"1538","Red-lored Amazon",4.95945945945946
"1539","Red-naped Ibis",7.83333333333333
"1540","Red-naped Sapsucker",11.2972972972973
"1541","Red-necked Phalarope",4.6981981981982
"1542","Red-necked Stint",3.52252252252252
"1543","Red-rumped Parrot",7.74774774774775
"1544","Red-rumped Swallow",4.80630630630631
"1545","Red-shouldered Blackbird",1.35585585585586
"1546","Red-shouldered Vanga",0.914414414414414
"1547","Red-tailed Shrike",1.39189189189189
"1548","Red-tailed Wheatear",1.09459459459459
"1549","Red-throated Caracara",1.84684684684685
"1550","Red-throated Loon",6.10810810810811
"1551","Red-throated Pipit",5.85585585585586
"1552","Red-throated Twinspot",0.941441441441441
"1553","Red-vented Bulbul",11.1531531531532
"1554","Red-wattled Lapwing",10.4324324324324
"1555","Red-whiskered Bulbul",9.54054054054054
"1556","Red-winged Blackbird",11.9774774774775
"1557","Red-winged Parrot",2.57657657657658
"1558","Red Avadavat",9.93693693693694
"1559","Red Crossbill",16.4234234234234
"1560","Red Fody",9.1036036036036
"1561","Red Goshawk",20.5045045045045
"1562","Red Kite",62.1891891891892
"1563","Red Knot",41.8918918918919
"1564","Red Lark",28.2207207207207
"1565","Red Lory",29.3333333333333
"1566","Red Phalarope",8.08558558558559
"1567","Red Siskin",34.7702702702703
"1568","Red Tanager",10.2387387387387
"1569","Red Warbler",19.5630630630631
"1570","Red Wattlebird",20.1306306306306
"1571","Red Weaver",49.4504504504505
"1572","Reddish Egret",21.0765765765766
"1573","Redpoll",26.972972972973
"1574","Redthroat",3.8963963963964
"1575","Reed Bunting",25.9684684684685
"1576","Regal Sunbird",3.06756756756757
"1577","Regent Bowerbird",14.5495495495495
"1578","Regent Honeyeater",16.1171171171171
"1579","Regent Parrot",24.3108108108108
"1580","Resplendent Quetzal",23.0495495495495
"1581","Restless Flycatcher",10.8693693693694
"1582","Rhinoceros Auklet",9.7027027027027
"1583","Rhinoceros Hornbill",17.4099099099099
"1584","Ribbon-tailed Astrapia",7.3018018018018
"1585","Richard's Pipit",4.60810810810811
"1586","Rifleman",64.3468468468468
"1587","Rimatara Lorikeet",2.68918918918919
"1588","Ring-billed Gull",6.6036036036036
"1589","Ringed Kingfisher",7.90990990990991
"1590","River Lapwing",4.74324324324324
"1591","River Tern",30.4459459459459
"1592","River Warbler",6.92342342342342
"1593","Roadside Hawk",12.4594594594595
"1594","Rock Bunting",12.9369369369369
"1595","Rock Parrot",30.4504504504505
"1596","Rock Pipit",17.8288288288288
"1597","Rock Sandpiper",25.1666666666667
"1598","Rock Shag",17.7747747747748
"1599","Rock Sparrow",15.3648648648649
"1600","Rockrunner",20.5
"1601","Rockwarbler",2.88738738738739
"1602","Rook",44.3963963963964
"1603","Rose-breasted Grosbeak",12.4774774774775
"1604","Rose-ringed Parakeet",10.4864864864865
"1605","Rose Robin",31.0765765765766
"1606","Roseate Spoonbill",24.2342342342342
"1607","Roseate Tern",11.2747747747748
"1608","Rosy-faced Lovebird",10.9684684684685
"1609","Rough-faced Shag",2.64414414414414
"1610","Royal Cinclodes",2.27927927927928
"1611","Royal Penguin",32.527027027027
"1612","Royal Spoonbill",6.46846846846847
"1613","Royal Tern",27.9369369369369
"1614","Ruby-cheeked Sunbird",3.77027027027027
"1615","Ruby-crowned Kinglet",12.1486486486486
"1616","Ruby-throated Hummingbird",16.7882882882883
"1617","Ruddy Kingfisher",4.76126126126126
"1618","Ruddy Turnstone",19.7927927927928
"1619","Ruff",41.4234234234234
"1620","Rufous-bellied Euphonia",1.07207207207207
"1621","Rufous-headed Hornbill",5
"1622","Rufous-legged Owl",6.92342342342342
"1623","Rufous-necked Hornbill",3.67117117117117
"1624","Rufous-necked Wood-rail",0.783783783783784
"1625","Rufous-tailed Robin",2.84234234234234
"1626","Rufous Bristlebird",3.27477477477477
"1627","Rufous Fantail",6.50900900900901
"1628","Rufous Flycatcher",10.7162162162162
"1629","Rufous Hummingbird",11.7342342342342
"1630","Rufous Motmot",5.54054054054054
"1631","Rufous Owl",7.9954954954955
"1632","Rufous Songlark",7.53153153153153
"1633","Rufous Treepie",18.963963963964
"1634","Rufous Whistler",11
"1635","Rufous Woodpecker",7.37837837837838
"1636","Russet Sparrow",6.32882882882883
"1637","Rustic Bunting",15.5900900900901
"1638","Rusty Blackbird",25.1441441441441
"1639","Rusty Sparrow",10.5495495495495
"1640","Sabine's Gull",7.89189189189189
"1641","Sabota Lark",1.27477477477477
"1642","Sacred Kingfisher",10.3963963963964
"1643","Sad Flycatcher",3.76576576576577
"1644","Saddlebill",5.50900900900901
"1645","Saffron Finch",16.1396396396396
"1646","Saffron Toucanet",3.16666666666667
"1647","Sagebrush Sparrow",9.21621621621622
"1648","Saker Falcon",21.9279279279279
"1649","Salmon-crested Cockatoo",10.1756756756757
"1650","Saltmarsh Sparrow",7.93693693693694
"1651","Sand Lark",7.51351351351351
"1652","Sanderling",32.2837837837838
"1653","Sandwich Tern",20.6531531531532
"1654","Santa Marta Parakeet",2.31981981981982
"1655","Sapayoa",3
"1656","Satin Bowerbird",17.6486486486486
"1657","Satin Flycatcher",2.51351351351351
"1658","Savanna Hawk",10.1171171171171
"1659","Savannah Sparrow",19.4459459459459
"1660","Savi's Warbler",2.23873873873874
"1661","Saxaul Sparrow",5.16216216216216
"1662","Say's Phoebe",30.3243243243243
"1663","Scaly-breasted Munia",6.41441441441441
"1664","Scarlet-backed Flowerpecker",8.92342342342342
"1665","Scarlet-headed Flowerpecker",4.43243243243243
"1666","Scarlet Finch",14.463963963964
"1667","Scarlet Ibis",29.3558558558559
"1668","Scarlet Macaw",26.8198198198198
"1669","Scarlet Minivet",14.6846846846847
"1670","Scarlet Myzomela",5.16666666666667
"1671","Scarlet Robin",29.6981981981982
"1672","Scarlet Tanager",8.96846846846847
"1673","Scissor-tailed Flycatcher",9.19369369369369
"1674","Scopoli's Shearwater",1.41891891891892
"1675","Scott's Oriole",5.65765765765766
"1676","Scottish Crossbill",4.87837837837838
"1677","Screaming Cowbird",2.61711711711712
"1678","Scrubtit",3.98648648648649
"1679","Seaside Sparrow",13.045045045045
"1680","Secretarybird",13.7162162162162
"1681","Sedge Warbler",14.6261261261261
"1682","Semipalmated Plover",15.1936936936937
"1683","Semipalmated Sandpiper",20.981981981982
"1684","Senegal Parrot",25.3918918918919
"1685","Seven-colored Tanager",0.774774774774775
"1686","Seychelles Kestrel",2.74324324324324
"1687","Seychelles Parrot",8.76126126126126
"1688","Seychelles Warbler",3.46396396396396
"1689","Sharp-shinned Hawk",14.2522522522523
"1690","Sharp-tailed Sandpiper",7.92342342342342
"1691","Shikra",33.1396396396396
"1692","Shining Honeycreeper",1.54054054054054
"1693","Shiny Cowbird",6.15765765765766
"1694","Shoebill",10.0454545454545
"1695","Shore Plover",10.2972972972973
"1696","Short-billed Dowitcher",6.45945945945946
"1697","Short-eared Owl",12.6936936936937
"1698","Short-tailed Albatross",8.40540540540541
"1699","Short-tailed Parrot",1.46396396396396
"1700","Short-tailed Shearwater",5.42792792792793
"1701","Shy Albatross",8.78828828828829
"1702","Siberian Accentor",1.62612612612613
"1703","Siberian Chiffchaff",11.4459459459459
"1704","Siberian Crane",37.4684684684685
"1705","Siberian Jay",13.9009009009009
"1706","Siberian Rubythroat",8.2972972972973
"1707","Siberian Tit",5.68918918918919
"1708","Sickle-billed Vanga",1.78828828828829
"1709","Sierra Madre Ground-warbler",0.554054054054054
"1710","Silver-backed Tanager",0.990990990990991
"1711","Silver-breasted Broadbill",5
"1712","Silver Gull",27.3558558558559
"1713","Silver Oriole",11.454954954955
"1714","Sinai Rosefinch",5.55855855855856
"1715","Sinaloa Martin",17.1351351351351
"1716","Sind Sparrow",4.18918918918919
"1717","Singing Honeyeater",13.2117117117117
"1718","Sinu Parakeet",1.44594594594595
"1719","Sira Barbet",1.07207207207207
"1720","Sirkeer Malkoha",12.3693693693694
"1721","Slaty-backed Gull",5.24324324324324
"1722","Slaty-bellied Tesia",1.06306306306306
"1723","Slaty-legged Crake",3.31081081081081
"1724","Slaty Bristlefront",0.513513513513513
"1725","Slaty Egret",3.02252252252252
"1726","Slender-billed Curlew",1.37078651685393
"1727","Slender-billed Vulture",4.1981981981982
"1728","Small Minivet",10.2297297297297
"1729","Smoky Honeyeater",1.39189189189189
"1730","Smoky Robin",18.5
"1731","Smooth-billed Ani",3.13963963963964
"1732","Snail Kite",11.036036036036
"1733","Snares Penguin",8.90540540540541
"1734","Snoring Rail",5.38288288288288
"1735","Snow Bunting",23.2207207207207
"1736","Snow Petrel",9.43243243243243
"1737","Snowy Egret",20.7432432432432
"1738","Snowy Owl",36.045045045045
"1739","Snowy Plover",16.9684684684685
"1740","Snowy Sheathbill",6.68918918918919
"1741","Sociable Lapwing",6.25225225225225
"1742","Sociable Weaver",10.2072072072072
"1743","Social Flycatcher",9.86936936936937
"1744","Socotra Cormorant",5.82882882882883
"1745","Soft-plumaged Petrel",2.24324324324324
"1746","Solitary Sandpiper",19.6261261261261
"1747","Solitary Snipe",2.09459459459459
"1748","Somali Ostrich",6.54054054054054
"1749","Sombre Tit",2.55405405405405
"1750","Song Parrot",30.2117117117117
"1751","Song Sparrow",36.9459459459459
"1752","Sooty-headed Bulbul",6.1036036036036
"1753","Sooty Albatross",8.14864864864865
"1754","Sooty Falcon",7.21621621621622
"1755","Sooty Gull",6.32432432432432
"1756","Sooty Oystercatcher",6.31531531531532
"1757","Sooty Shearwater",11.9324324324324
"1758","Sooty Tern",11.0675675675676
"1759","Sora",60.9189189189189
"1760","South African Swallow",7.23873873873874
"1761","South Georgia Pipit",4.05855855855856
"1762","South Island Kokako",3.95495495495495
"1763","South Island Robin",16.2207207207207
"1764","South Island Saddleback",1.16216216216216
"1765","South Island Takahe",3.01801801801802
"1766","South Polar Skua",7.56756756756757
"1767","Southern Boobook",12.7162162162162
"1768","Southern Boubou",3.6036036036036
"1769","Southern Caracara",7.85585585585586
"1770","Southern Carmine Bee-eater",10.8108108108108
"1771","Southern Fulmar",4.04504504504505
"1772","Southern Giant Petrel",7.55855855855856
"1773","Southern Ground-hornbill",1.81081081081081
"1774","Southern Lapwing",10.3018018018018
"1775","Southern Martin",35.6396396396396
"1776","Southern Masked Weaver",4.01801801801802
"1777","Southern Mealy Amazon",1.83783783783784
"1778","Southern Red Bishop",9.28828828828829
"1779","Southern Rockhopper Penguin",16.0810810810811
"1780","Southern Royal Albatross",6.61261261261261
"1781","Southern White-faced Owl",8.05855855855856
"1782","Southern Yellow-billed Hornbill",11.1036036036036
"1783","Spangled Drongo",11.0720720720721
"1784","Spanish Imperial Eagle",12.1396396396396
"1785","Spanish Sparrow",22.4864864864865
"1786","Speckled Mousebird",6.31081081081081
"1787","Speckled Tanager",3.82882882882883
"1788","Speckled Warbler",4.62162162162162
"1789","Spectacled Flowerpecker",1.78828828828829
"1790","Spectacled Owl",12.5315315315315
"1791","Spectacled Parrotlet",4.35585585585586
"1792","Spectacled Tyrant",4.15315315315315
"1793","Spectacled Weaver",2.2027027027027
"1794","Spix's Macaw",5.9954954954955
"1795","Splendid Fairy-wren",3.56306306306306
"1796","Splendid Sunbird",2.21621621621622
"1797","Spoon-billed Sandpiper",10.8918918918919
"1798","Spot-bellied Eagle-owl",4.84684684684685
"1799","Spot-billed Pelican",3.41891891891892
"1800","Spotless Crake",4.45495495495495
"1801","Spotted Buttonquail",1.85585585585586
"1802","Spotted Crake",9.29279279279279
"1803","Spotted Eagle-owl",7.57657657657658
"1804","Spotted Harrier",10.8198198198198
"1805","Spotted Kingfisher",9.56756756756757
"1806","Spotted Owl",23.7657657657658
"1807","Spotted Owlet",15.7432432432432
"1808","Spotted Pardalote",11.2612612612613
"1809","Spotted Rail",14.8558558558559
"1810","Spotted Redshank",14.6261261261261
"1811","Spotted Sandpiper",17.3828828828829
"1812","Spotted Shag",1.72522522522523
"1813","Spotted Tanager",3.7027027027027
"1814","Spotted Thick-knee",3.85585585585586
"1815","Spotted Towhee",18.3963963963964
"1816","Spur-winged Lapwing",1.72972972972973
"1817","Squacco Heron",7.27477477477477
"1818","Sri Lanka Blue Magpie",3.7972972972973
"1819","St Lucia Amazon",25.1666666666667
"1820","St Vincent Amazon",25.3288288288288
"1821","Standardwing Bird-of-paradise",1.3963963963964
"1822","Star Finch",19.2882882882883
"1823","Steller's Jay",15.954954954955
"1824","Steppe Eagle",26.1396396396396
"1825","Stewart Shag",15.1396396396396
"1826","Stilt Sandpiper",17.7117117117117
"1827","Stitchbird",12.1801801801802
"1828","Stork-billed Kingfisher",10.8288288288288
"1829","Strange-tailed Tyrant",1.48198198198198
"1830","Strange Weaver",14.9099099099099
"1831","Straw-headed Bulbul",3.59459459459459
"1832","Straw-necked Ibis",5.95945945945946
"1833","Streak-backed Oriole",3.75225225225225
"1834","Streak-eared Bulbul",3.04954954954955
"1835","Streak-throated Swallow",3.24774774774775
"1836","Streaked Bulbul",1.96846846846847
"1837","Streaked Spiderhunter",5.45495495495495
"1838","Streaked Weaver",7.50900900900901
"1839","Striated Caracara",5.44594594594595
"1840","Striated Grassbird",4.54054054054054
"1841","Striated Pardalote",12.5585585585586
"1842","Striped Crake",1.56756756756757
"1843","Striped Cuckoo",10.3558558558559
"1844","Striped Kingfisher",11.3243243243243
"1845","Striped Owl",18.9009009009009
"1846","Striped Sparrow",15.3603603603604
"1847","Striped Woodpecker",7.32432432432432
"1848","Stygian Owl",3.01351351351351
"1849","Sulawesi Pitta",4.46396396396396
"1850","Sulphur-bellied Warbler",2.47747747747748
"1851","Sulphur-breasted Warbler",2.3963963963964
"1852","Sulphur-crested Cockatoo",16.1666666666667
"1853","Sultan Tit",9.03153153153153
"1854","Sulu Hornbill",9.87837837837838
"1855","Sumatran Ground-cuckoo",1.32432432432432
"1856","Sumba Hornbill",1.46396396396396
"1857","Summer Tanager",12.7657657657658
"1858","Sun Lark",17.1711711711712
"1859","Sun Parakeet",27.0315315315315
"1860","Sunda Blue Robin",9.11261261261261
"1861","Sungrebe",2.56306306306306
"1862","Superb Fairy-wren",5.27477477477477
"1863","Superb Lyrebird",9.27477477477477
"1864","Superb Parrot",14.0765765765766
"1865","Surfbird",19.536036036036
"1866","Swainson's Warbler",2.37837837837838
"1867","Swallow-tailed Gull",3.62162162162162
"1868","Swallow-tailed Kite",13.5225225225225
"1869","Swallow Tanager",6.11261261261261
"1870","Swamp Harrier",2.68468468468468
"1871","Swamp Sparrow",21.7027027027027
"1872","Swift Parrot",18.8693693693694
"1873","Syrian Serin",4.0045045045045
"1874","Syrian Woodpecker",4.27927927927928
"1875","Tacazze Sunbird",5.13063063063063
"1876","Tachira Antpitta",1.34234234234234
"1877","Tahiti Monarch",5.59009009009009
"1878","Tahiti Petrel",3.22522522522523
"1879","Taita Falcon",10.3468468468468
"1880","Taiwan Barbet",6.49099099099099
"1881","Taiwan Blue Magpie",9.09009009009009
"1882","Tamaulipas Crow",2.85585585585586
"1883","Tanager Finch",8.67567567567568
"1884","Tanimbar Corella",5.45045045045045
"1885","Taveta Golden Weaver",1.9954954954955
"1886","Tawny-flanked Prinia",2.88738738738739
"1887","Tawny Eagle",20.972972972973
"1888","Tawny Owl",29.7972972972973
"1889","Tawny Pipit",9.77927927927928
"1890","Temminck's Stint",4.17567567567568
"1891","Tennessee Warbler",14.5585585585586
"1892","Terek Sandpiper",8.12612612612613
"1893","Thick-billed Kingbird",2.67567567567568
"1894","Thick-billed Longspur",2.26126126126126
"1895","Thick-billed Murre",4.30630630630631
"1896","Thick-billed Parrot",6.58558558558559
"1897","Thick-billed Warbler",2.61261261261261
"1898","Thrush Nightingale",17.0315315315315
"1899","Tibetan Bunting",6.0990990990991
"1900","Tiger Shrike",5.6036036036036
"1901","Timneh Parrot",18.4099099099099
"1902","Tinian Monarch",2.61711711711712
"1903","Tiny Hawk",23.5900900900901
"1904","Toco Toucan",17.3558558558559
"1905","Torresian Crow",5.40990990990991
"1906","Toucan Barbet",3.87387387387387
"1907","Townsend's Warbler",8.59459459459459
"1908","Tree Martin",35.8648648648649
"1909","Tree Pipit",14.9279279279279
"1910","Tree Swallow",25.6936936936937
"1911","Tricolored Blackbird",6.64864864864865
"1912","Tricolored Heron",11.1801801801802
"1913","Tricoloured Munia",5.08108108108108
"1914","Trindade Petrel",2.35135135135135
"1915","Trinidad Motmot",4.5
"1916","Tristan Albatross",10.3063063063063
"1917","Tropical Kingbird",13.0720720720721
"1918","Tropical Parula",4.20720720720721
"1919","Trumpet Manucode",6.44594594594595
"1920","Trumpeter Finch",2.45495495495495
"1921","Trumpeter Hornbill",9.45495495495495
"1922","Tuamotu Kingfisher",3.22072072072072
"1923","Tucuman Amazon",9.62612612612613
"1924","Tufted Flycatcher",10.2027027027027
"1925","Tufted Jay",13.1801801801802
"1926","Tufted Puffin",14.036036036036
"1927","Tufted Titmouse",27.7027027027027
"1928","Tui",43.6981981981982
"1929","Turkey Vulture",45.2522522522523
"1930","Turquoise-browed Motmot",4.98648648648649
"1931","Turquoise-fronted Amazon",5.7972972972973
"1932","Turquoise Jay",21.6216216216216
"1933","Turquoise Parrot",32.1261261261261
"1934","Turquoise Tanager",3.54504504504505
"1935","Twite",34.9234234234234
"1936","Two-barred Warbler",3.34684684684685
"1937","Ultramarine Flycatcher",13.4954954954955
"1938","Ultramarine Grosbeak",4.13063063063063
"1939","Ultramarine Lorikeet",6.81981981981982
"1940","Upcher's Warbler",1.35135135135135
"1941","Upland Sandpiper",10.954954954955
"1942","Ural Owl",15.981981981982
"1943","Usambara Hyliota",2.02252252252252
"1944","Variable Sunbird",3.4954954954955
"1945","Variable Wheatear",8.98648648648649
"1946","Varied Bunting",6.07657657657658
"1947","Varied Tit",6.03603603603604
"1948","Variegated Flycatcher",2.1036036036036
"1949","Vasa Parrot",7.90990990990991
"1950","Vegetarian Finch",7.32882882882883
"1951","Venezuelan Troupial",16.7477477477477
"1952","Verdin",36.0990990990991
"1953","Vermilion Cardinal",14.0540540540541
"1954","Vervain Hummingbird",4.03603603603604
"1955","Vesper Sparrow",12.9369369369369
"1956","Victoria's Riflebird",3.36936936936937
"1957","Village Weaver",15.6891891891892
"1958","Vinaceous Rosefinch",1.68018018018018
"1959","Violaceous Euphonia",2.45945945945946
"1960","Violaceous Trogon",2.62612612612613
"1961","Violet-green Swallow",5.46396396396396
"1962","Violet Crow",7.63063063063063
"1963","Violet Cuckoo",4.47747747747748
"1964","Violet Turaco",5.91891891891892
"1965","Virginia Rail",28.0315315315315
"1966","Visayan Hornbill",6.36486486486486
"1967","Vogelkop Bowerbird",11.1261261261261
"1968","Volcano Hummingbird",7.72972972972973
"1969","Vulturine Parrot",4.03603603603604
"1970","Wandering Albatross",10.4054054054054
"1971","Wandering Tattler",9.16216216216216
"1972","Warbling Vireo",12.2657657657658
"1973","Warsangli Linnet",2.58558558558559
"1974","Water Pipit",14.8783783783784
"1975","Watercock",9.08558558558559
"1976","Wattled Crane",9.77927927927928
"1977","Wattled Jacana",3.32432432432432
"1978","Wattled Lapwing",19.3558558558559
"1979","Waved Albatross",17.1261261261261
"1980","Waved Woodpecker",0.59009009009009
"1981","Wedge-rumped Storm-petrel",1.59459459459459
"1982","Wedge-tailed Eagle",11.8378378378378
"1983","Wedge-tailed Shearwater",6.81981981981982
"1984","Weebill",15.1210526315789
"1985","Weka",49.5
"1986","Welcome Swallow",28.5945945945946
"1987","Western Gull",13.7207207207207
"1988","Western Kingbird",16.4459459459459
"1989","Western Koel",6.5
"1990","Western Meadowlark",18.0045045045045
"1991","Western Parotia",7.5045045045045
"1992","Western Rosella",8.4954954954955
"1993","Western Sandpiper",12.9324324324324
"1994","Western Screech-owl",3.21621621621622
"1995","Western Spindalis",3.41441441441441
"1996","Western Spinebill",4.80630630630631
"1997","Western Tanager",13.0495495495495
"1998","Western Wattlebird",3.31081081081081
"1999","Western Whipbird",3.31981981981982
"2000","Western Wood-pewee",3.68918918918919
"2001","Western Yellow Wagtail",8.31531531531532
"2002","Whimbrel",39.9774774774775
"2003","Whinchat",32.2522522522523
"2004","Whiskered Auklet",2.68468468468468
"2005","Whiskered Pitta",2.89189189189189
"2006","Whiskered Screech-owl",2.79279279279279
"2007","Whiskered Tern",6.76126126126126
"2008","Whistling Heron",7.63963963963964
"2009","Whistling Kite",33.472972972973
"2010","White-backed Vulture",6.86036036036036
"2011","White-bellied Drongo",3.12612612612613
"2012","White-bellied Go-away-bird",5
"2013","White-bellied Heron",10.6351351351351
"2014","White-bellied Kingfisher",5.02252252252252
"2015","White-bellied Sea-eagle",6.34684684684685
"2016","White-breasted Waterhen",7.31081081081081
"2017","White-browed Tit-warbler",2.06756756756757
"2018","White-browed Wagtail",7.06306306306306
"2019","White-cheeked Barbet",5.08108108108108
"2020","White-chinned Petrel",2.63513513513514
"2021","White-crowned Sparrow",13.7522522522523
"2022","White-eared Bulbul",7.94144144144144
"2023","White-eyed River Martin",1.21621621621622
"2024","White-eyed Vireo",7.21171171171171
"2025","White-faced Heron",4.84234234234234
"2026","White-faced Ibis",5.70720720720721
"2027","White-fronted Falconet",1.34234234234234
"2028","White-necked Raven",3.9009009009009
"2029","White-rumped Sandpiper",3.3018018018018
"2030","White-rumped Seedeater",4.55405405405405
"2031","White-rumped Vulture",3.38288288288288
"2032","White-shouldered Ibis",1.65765765765766
"2033","White-spectacled Bulbul",6.04054054054054
"2034","White-tailed Kite",9.8963963963964
"2035","White-tailed Lapwing",1.59009009009009
"2036","White-throated Bee-eater",3.06306306306306
"2037","White-throated Fantail",6.19369369369369
"2038","White-throated Kingfisher",7.9954954954955
"2039","White-throated Rail",1.02252252252252
"2040","White-throated Robin",3.28828828828829
"2041","White-throated Sparrow",9.70720720720721
"2042","White-throated Swallow",1.8018018018018
"2043","White-winged Chough",7.6981981981982
"2044","White-winged Flufftail",4.95945945945946
"2045","White-winged Parakeet",1.5045045045045
"2046","White-winged Tern",3.98648648648649
"2047","White Cockatoo",5.58108108108108
"2048","White Ibis",45.5135135135135
"2049","White Stork",29.0405405405405
"2050","White Wagtail",18.0540540540541
"2051","White Woodpecker",26.0135135135135
"2052","Whitehead",38.5495495495495
"2053","Whooping Crane",22.6981981981982
"2054","Willet",23
"2055","Willie Wagtail",14.6981981981982
"2056","Willow Flycatcher",15.0135135135135
"2057","Willow Tit",26.7702702702703
"2058","Willow Warbler",20.2837837837838
"2059","Wilson's Phalarope",4.54954954954955
"2060","Wilson's Plover",2.72972972972973
"2061","Wilson's Snipe",9.46846846846847
"2062","Wilson's Warbler",8.80630630630631
"2063","Wine-throated Hummingbird",2.66216216216216
"2064","Wood Sandpiper",23.5855855855856
"2065","Wood Snipe",18.954954954955
"2066","Wood Stork",21.1666666666667
"2067","Wood Warbler",7.74324324324324
"2068","Woodchat Shrike",5.20720720720721
"2069","Woodland Kingfisher",18.7297297297297
"2070","Woodlark",43.4099099099099
"2071","Woodpecker Finch",23.3873873873874
"2072","Worm-eating Warbler",4.87387387387387
"2073","Wreathed Hornbill",5.66216216216216
"2074","Wrentit",12.2567567567568
"2075","Wrinkled Hornbill",7.01801801801802
"2076","Wrybill",6.32432432432432
"2077","Yelkouan Shearwater",7.7027027027027
"2078","Yellow-bellied Flycatcher",10.6711711711712
"2079","Yellow-bellied Sapsucker",9.89189189189189
"2080","Yellow-bibbed Lory",5.33333333333333
"2081","Yellow-billed Cardinal",2.75225225225225
"2082","Yellow-billed Cuckoo",11.3918918918919
"2083","Yellow-billed Kite",3.19369369369369
"2084","Yellow-billed Loon",3.67567567567568
"2085","Yellow-billed Magpie",6.35585585585586
"2086","Yellow-billed Stork",4.85585585585586
"2087","Yellow-breasted Bunting",3.04504504504505
"2088","Yellow-breasted Chat",3.96846846846847
"2089","Yellow-browed Bunting",1.43243243243243
"2090","Yellow-browed Warbler",4.86936936936937
"2091","Yellow-chevroned Parakeet",2.40990990990991
"2092","Yellow-collared Lovebird",9.53603603603604
"2093","Yellow-crested Cockatoo",6.03603603603604
"2094","Yellow-crowned Amazon",3.72072072072072
"2095","Yellow-crowned Bishop",2.91441441441441
"2096","Yellow-crowned Night-heron",5.64864864864865
"2097","Yellow-eared Parrot",3.7027027027027
"2098","Yellow-eyed Penguin",5.93333333333333
"2099","Yellow-faced Grassquit",3.37837837837838
"2100","Yellow-faced Honeyeater",2.83333333333333
"2101","Yellow-green Finch",0.72972972972973
"2102","Yellow-headed Amazon",6.30630630630631
"2103","Yellow-headed Blackbird",4.3018018018018
"2104","Yellow-legged Buttonquail",0.765765765765766
"2105","Yellow-legged Gull",9.80630630630631
"2106","Yellow-naped Amazon",10.9594594594595
"2107","Yellow-rumped Honeyguide",2.18468468468468
"2108","Yellow-streaked Warbler",0.968468468468468
"2109","Yellow-throated Bunting",1.12162162162162
"2110","Yellow-throated Vireo",8.26576576576577
"2111","Yellow-throated Warbler",5.93243243243243
"2112","Yellow-vented Bulbul",9.31531531531532
"2113","Yellow-wattled Lapwing",4.63963963963964
"2114","Yellow-winged Blackbird",1.65765765765766
"2115","Yellow-winged Cacique",3.25675675675676
"2116","Yellow Bishop",22.6621621621622
"2117","Yellow Bittern",8.84684684684685
"2118","Yellow Bunting",24.9324324324324
"2119","Yellow Canary",63.1936936936937
"2120","Yellow Cardinal",10.0405405405405
"2121","Yellow Chat",29.2342342342342
"2122","Yellow Grosbeak",12.5675675675676
"2123","Yellow Honeyeater",16.0810810810811
"2124","Yellow Oriole",10.2837837837838
"2125","Yellow Rail",20.4459459459459
"2126","Yellow Thornbill",6.7027027027027
"2127","Yellow Tit",23.6486486486486
"2128","Yellow Wattlebird",7.35585585585586
"2129","Yellowhammer",8.17117117117117
"2130","Yellowhead",44.1531531531532
"2131","Yucatan Jay",11.1081081081081
"2132","Zambian Barbet",2.11261261261261
"2133","Zapata Rail",5.30630630630631
"2134","Zigzag Heron",1.74774774774775
"2135","Zino's Petrel",3.16216216216216
"2136","Zitting Cisticola",11.2342342342342
