,keyword,mean
1,Abbott's Booby,4.807174888
2,Abyssinian Roller,6.766816143
3,Acadian Flycatcher,7.6367713
4,Acorn Woodpecker,23.56053812
5,Adelie Penguin,29.71300448
6,African Black Duck,15.16591928
7,African Blue Tit,4.206278027
8,African Comb Duck,2.089686099
9,African Crake,5.820627803
10,African Cuckoo,3.125560538
11,African Darter,6.33632287
12,African Emerald Cuckoo,11.18834081
13,African Finfoot,4.269058296
14,African Goshawk,3.273542601
15,African Grey Hornbill,11.17488789
16,African Hobby,21.59641256
17,African Jacana,12.9955157
18,African Openbill,5.116591928
19,African Penguin,32.81165919
20,African Pied Starling,2.121076233
21,African Pied Wagtail,7.085201794
22,African Pipit,8.134529148
23,African Pitta,5.596412556
24,African Rail,25.39461883
25,African River Martin,4.443946188
26,African Sacred Ibis,16.74887892
27,African Silverbill,9.210762332
28,African Skimmer,4.556053812
29,African Spoonbill,6.919282511
30,African Swift,29.96860987
31,African Thrush,10.92825112
32,Agami Heron,7.932735426
33,Akekee,8.116591928
34,Akiapolaau,8.291479821
35,Akikiki,11.55156951
36,Akohekohe,4.121076233
37,Alagoas Curassow,9.569506726
38,Alder Flycatcher,9.399103139
39,Aleutian Tern,4.547085202
40,Alexandrine Parakeet,20.29147982
41,Algerian Nuthatch,3.515695067
42,Allen's Hummingbird,6.071748879
43,Alpine Accentor,7.780269058
44,Alpine Swift,21.98206278
45,Alpine Thrush,4.085201794
46,Altamira Oriole,8.233183857
47,Amazilia Hummingbird,5.273542601
48,Amazon Kingfisher,22.21524664
49,Amazonian Royal Flycatcher,6.022421525
50,Amazonian Umbrellabird,2.031390135
51,American Avocet,14.73542601
52,American Bittern,27.39461883
53,American Black Duck,21.07623318
54,American Black Vulture,9.793721973
55,American Bushtit,4.753363229
56,American Coot,25.90134529
57,American Crow,28.57399103
58,American Dipper,20.05381166
59,American Flamingo,22.13004484
60,American Golden Plover,12.94618834
61,American Goldfinch,24.01793722
62,American Kestrel,30.34080717
63,American Oystercatcher,18.34529148
64,American Redstart,10.58744395
65,American Robin,31.25112108
66,American Tree Sparrow,18.47085202
67,American White Pelican,10.37668161
68,American Wigeon,20.58744395
69,American Woodcock,31.46188341
70,American Yellow Warbler,12.87443946
71,Amethyst-throated Hummingbird,2.408071749
72,Amethyst-throated Sunangel,1.206278027
73,Amethyst Sunbird,4.843049327
74,Amethyst Woodstar,5.121076233
75,Amsterdam Albatross,9.161434978
76,Amur Falcon,4.99103139
77,Anambra Waxbill,2.686098655
78,Ancient Murrelet,6.448430493
79,Andaman Teal,9.869955157
80,Andean Avocet,2.762331839
81,Andean Cock-of-the-rock,6.403587444
82,Andean Condor,29.0896861
83,Andean Flamingo,7.883408072
84,Andean Goose,6.64573991
85,Andean Potoo,3.802690583
86,Andre's Swift,15.55156951
87,Anhinga,31.16143498
88,Anianiau,5.3632287
89,Anna's Hummingbird,12.84753363
90,Antarctic Petrel,10.05381166
91,Antarctic Prion,2.937219731
92,Antarctic Tern,7.313901345
93,Antillean Crested Hummingbird,8.766816143
94,Antillean Nighthawk,2.627802691
95,Antipodean Albatross,5.33632287
96,Apapane,11.98206278
97,Aplomado Falcon,11.5426009
98,Apostlebird,11.16143498
99,Aquatic Warbler,7.044843049
100,Arabian Babbler,4.847533632
101,Arabian Bustard,3.071748879
102,Arabian Golden Sparrow,2.448430493
103,Araripe Manakin,7.452914798
104,Arctic Jaeger,6.094170404
105,Arctic Loon,8.260089686
106,Arctic Tern,29.34529148
107,Arctic Warbler,6.004484305
108,Arizona Woodpecker,13.41704036
109,Ascension Frigatebird,2.188340807
110,Ash-throated Flycatcher,7.744394619
111,Ashy Drongo,18.02690583
112,Ashy Minivet,3.385650224
113,Ashy Prinia,22.34977578
114,Ashy Robin,6.780269058
115,Ashy Storm-petrel,1.569506726
116,Ashy Tailorbird,9.080717489
117,Asian Barred Owlet,13.55605381
118,Asian Brown Flycatcher,11.43049327
119,Asian Crested Ibis,4.080717489
120,Asian Dowitcher,2.130044843
121,Asian Emerald Cuckoo,10.77130045
122,Asian Glossy Starling,14.24215247
123,Asian Green Bee-eater,3.488789238
124,Asian Houbara,2.582959641
125,Asian House Martin,9.905829596
126,Asian Openbill,9.466367713
127,Asian Pied Starling,7.134529148
128,Asian Stubtail,1.071748879
129,Asir Magpie,4.901345291
130,Atlantic Petrel,6.058295964
131,Atlantic Puffin,27.97757848
132,Atlantic Royal Flycatcher,3.452914798
133,Atlantic Yellow-nosed Albatross,3.986547085
134,Auckland Rail,30.10313901
135,Auckland Teal,9.076233184
136,Audouin's Gull,4.34529148
137,Augur Buzzard,6.986547085
138,Austral Parakeet,2.139013453
139,Australasian Bittern,1.497757848
140,Australasian Darter,11.90134529
141,Australasian Figbird,12.53363229
142,Australasian Gannet,5.65470852
143,Australasian Grebe,4.668161435
144,Australasian Pipit,9.251121076
145,Australian Bustard,14.22869955
146,Australian Hobby,15.15246637
147,Australian Ibis,13.81165919
148,Australian Magpie,36.58744395
149,Australian Pelican,23.07174888
150,Australian Raven,16.34080717
151,Australian Ringneck,9.892376682
152,Australian Shelduck,4.744394619
153,Australian Swiftlet,3.484304933
154,Australian Zebra Finch,9.121076233
155,Azores Bullfinch,3.31838565
156,Aztec Thrush,5.174887892
157,Azure Jay,16.06726457
158,Azure Kingfisher,17.01345291
159,Azure Tit,7.68161435
160,Bachman's Warbler,3.878923767
161,Baer's Pochard,4.475336323
162,Baglafecht Weaver,3.331838565
163,Bahama Mockingbird,4.695067265
164,Bahama Nuthatch,2.659192825
165,Bahama Oriole,8.430493274
166,Bahama Swallow,9.143497758
167,Bahama Warbler,3.152466368
168,Baikal Teal,11.67713004
169,Baillon's Crake,1.417040359
170,Baird's Sandpiper,4.977578475
171,Bald Eagle,38.73542601
172,Bald Parrot,17.52466368
173,Balearic Shearwater,8.426008969
174,Bali Myna,9.708520179
175,Baltimore Oriole,11.97757848
176,Bananaquit,14.02690583
177,Band-bellied Crake,2.147982063
178,Band-rumped Storm-petrel,2.139013453
179,Band-tailed Manakin,1.040358744
180,Banded Bay Cuckoo,9.582959641
181,Banded Broadbill,8.080717489
182,Banded Cotinga,3.201793722
183,Banded Kingfisher,11.85650224
184,Banded Lapwing,3.269058296
185,Banded Stilt,5.627802691
186,Banded Woodpecker,5.852017937
187,Banggai Crow,1.439461883
188,Bank Cormorant,8.919282511
189,Bank Myna,8.103139013
190,Bar-headed Goose,11.9955157
191,Bar-tailed Godwit,12.06278027
192,Bar-tailed Trogon,1.910313901
193,Bar-winged Prinia,2.197309417
194,Barau's Petrel,0.878923767
195,Barbados Bullfinch,5.937219731
196,Barbary Partridge,7.847533632
197,Barbuda Warbler,2.278026906
198,Bare-faced Bulbul,0.941704036
199,Bare-faced Curassow,1.448430493
200,Bare-throated Bellbird,2.260089686
201,Bare-throated Tiger-heron,1.757847534
202,Barking Owl,24.23766816
203,Barn Swallow,28.52017937
204,Barnacle Goose,43.99103139
205,Barred Antshrike,6.708520179
206,Barred Buttonquail,5.094170404
207,Barred Dove,7.717488789
208,Barred Eagle-owl,3.313901345
209,Barred Hawk,16.32735426
210,Barred Owl,41.94618834
211,Barred Parakeet,11.46636771
212,Barrow's Goldeneye,9.506726457
213,Basra Reed-warbler,1.237668161
214,Bassian Thrush,7.977578475
215,Bat Falcon,4.847533632
216,Bat Hawk,28.8161435
217,Bateleur,42.61883408
218,Bay-backed Shrike,2.923766816
219,Bay-breasted Warbler,6.053811659
220,Bay-headed Tanager,3.035874439
221,Bay Woodpecker,15.06726457
222,Bay Wren,19.31390135
223,Baya Weaver,3.51793722
224,Beach Kingfisher,31.83856502
225,Bean Goose,29.93721973
226,Bearded Barbet,7.914798206
227,Bearded Bellbird,6.520179372
228,Bearded Reedling,4.609865471
229,Bearded Vulture,12.66367713
230,Beautiful Firetail,2.161434978
231,Beautiful Hummingbird,38.87443946
232,Beautiful Jay,32.33632287
233,Beautiful Woodpecker,4.923766816
234,Beck's Petrel,0.901345291
235,Bee Hummingbird,11.60089686
236,Bell's Vireo,8.264573991
237,Bell Miner,4.69058296
238,Belted Kingfisher,19.64125561
239,Bengal Florican,11.99103139
240,Bermuda Petrel,6.408071749
241,Berylline Hummingbird,5.304932735
242,Besra,19.76233184
243,Bewick's Wren,5.784753363
244,Bicknell's Thrush,5.161434978
245,Bicolored Wren,5.529147982
246,Bimaculated Lark,8.959641256
247,Black-and-white Hawk-eagle,4.506726457
248,Black-and-white Owl,5.080717489
249,Black-and-white Warbler,4.968609865
250,Black-backed Oriole,2.32735426
251,Black-backed Woodpecker,5.98206278
252,Black-bellied Bustard,2.856502242
253,Black-bellied Storm-petrel,1.291479821
254,Black-bellied Whistling-duck,6.466367713
255,Black-billed Cuckoo,4.291479821
256,Black-billed Magpie,7.134529148
257,Black-billed Thrush,6.170403587
258,Black-breasted Buzzard,2.730941704
259,Black-browed Albatross,5.457399103
260,Black-browed Babbler,1.421524664
261,Black-capped Chickadee,13.40358744
262,Black-capped Lory,2.340807175
263,Black-capped Petrel,2.66367713
264,Black-capped Vireo,7.224215247
265,Black-casqued Hornbill,1.869955157
266,Black-cheeked Lovebird,3.65470852
267,Black-chinned Hummingbird,10.67264574
268,Black-collared Barbet,1.668161435
269,Black-collared Starling,2.322869955
270,Black-crested Finch,1.058295964
271,Black-crested Titmouse,6.923766816
272,Black-crowned Night-heron,6.3632287
273,Black-faced Bunting,2.847533632
274,Black-faced Dacnis,2.686098655
275,Black-faced Grassquit,1.609865471
276,Black-faced Spoonbill,5.950672646
277,Black-footed Albatross,3.757847534
278,Black-fronted Bulbul,2.641255605
279,Black-fronted Tern,6.107623318
280,Black-headed Grosbeak,10.50224215
281,Black-headed Gull,12.32735426
282,Black-headed Ibis,2.031390135
283,Black-headed Parrot,3.103139013
284,Black-headed Siskin,3.766816143
285,Black-hooded Oriole,7.533632287
286,Black-legged Kittiwake,7.878923767
287,Black-legged Seriema,1.914798206
288,Black-naped Monarch,3.659192825
289,Black-naped Oriole,6.582959641
290,Black-necked Crane,4.30941704
291,Black-necked Grebe,8.282511211
292,Black-necked Stork,5.556053812
293,Black-necked Wattle-eye,0.955156951
294,Black-rumped Flameback,2.659192825
295,Black-shouldered Kite,6.68161435
296,Black-tailed Godwit,9.529147982
297,Black-tailed Gull,4.565022422
298,Black-thighed Falconet,3.717488789
299,Black-throated Accentor,3.080717489
300,Black-throated Blue Warbler,8.820627803
301,Black-throated Finch,4.529147982
302,Black-throated Green Warbler,5.704035874
303,Black-throated Grosbeak,1.264573991
304,Black-throated Magpie-jay,4.910313901
305,Black-throated Sparrow,6.757847534
306,Black-throated Thrush,4.439461883
307,Black-throated Tit,1.834080717
308,Black-whiskered Vireo,2.34529148
309,Black-winged Kite,4.121076233
310,Black-winged Pratincole,2.735426009
311,Black-winged Stilt,11.72197309
312,Black Baza,28.53363229
313,Black Bishop,42.64125561
314,Black Bittern,3.011210762
315,Black Bulbul,31.39013453
316,Black Butcherbird,12.65022422
317,Black Caracara,11.52914798
318,Black Catbird,12.35874439
319,Black Coucal,20.00896861
320,Black Crake,17.57399103
321,Black Crowned Crane,6.390134529
322,Black Cuckoo,27.39910314
323,Black Currawong,11.69058296
324,Black Drongo,24.65470852
325,Black Eagle,34.25560538
326,Black Falcon,23.93273543
327,Black Fantail,22.73542601
328,Black Francolin,23.43946188
329,Black Grasswren,4.713004484
330,Black Grouse,46.44843049
331,Black Guan,23.40358744
332,Black Guillemot,14.17488789
333,Black Guineafowl,3.811659193
334,Black Harrier,18.88340807
335,Black Hawk-eagle,5.004484305
336,Black Heron,45.4573991
337,Black Honeyeater,18.80717489
338,Black Hornbill,22.23766816
339,Black Inca,26.28251121
340,Black Jacobin,9.421524664
341,Black Kite,48.20627803
342,Black Lark,23.60538117
343,Black Lory,19.92825112
344,Black Metaltail,3.242152466
345,Black Monarch,35.22869955
346,Black Noddy,14.51121076
347,Black Oriole,11.8161435
348,Black Parrot,57.17040359
349,Black Partridge,24.03587444
350,Black Petrel,11.24215247
351,Black Phoebe,13.03139013
352,Black Rail,55.66816143
353,Black Redstart,21.78475336
354,Black Robin,23.51121076
355,Black Scoter,27.09865471
356,Black Shama,3.49103139
357,Black Sicklebill,2.372197309
358,Black Siskin,20.8161435
359,Black Skimmer,35.05381166
360,Black Solitaire,35.39910314
361,Black Solitary Eagle,3.771300448
362,Black Sparrowhawk,15.94618834
363,Black Stilt,29.65022422
364,Black Stork,33.27802691
365,Black Sunbird,23.30941704
366,Black Swan,5.461883408
367,Black Swift,24.6367713
368,Black Tern,47.86995516
369,Black Thrush,41.56053812
370,Black Turnstone,10.44394619
371,Black Wheatear,8.3632287
372,Black Woodpecker,25.99103139
373,Blackburnian Warbler,15.49775785
374,Blackish Oystercatcher,2.829596413
375,Blackpoll Warbler,13.7309417
376,Blacksmith Lapwing,6.121076233
377,Blackstart,16.95964126
378,Blackthroat,32.40807175
379,Blood Pheasant,10.88340807
380,Blossom-headed Parakeet,1.206278027
381,Blue-and-white Flycatcher,2.098654709
382,Blue-and-white Swallow,3.6367713
383,Blue-and-yellow Macaw,20.99103139
384,Blue-backed Parrot,1.282511211
385,Blue-bearded Helmetcrest,2.121076233
386,Blue-bellied Roller,3.771300448
387,Blue-billed Duck,4.372197309
388,Blue-capped Cordon-bleu,3.470852018
389,Blue-capped Ifrit,2.304932735
390,Blue-cheeked Bee-eater,2.744394619
391,Blue-crowned Motmot,5.614349776
392,Blue-eared Kingfisher,2.717488789
393,Blue-eyed Cockatoo,4.130044843
394,Blue-eyed Ground-dove,0.659192825
395,Blue-faced Honeyeater,5.69058296
396,Blue-footed Booby,12.03587444
397,Blue-fronted Redstart,6.071748879
398,Blue-grey Gnatcatcher,1.825112108
399,Blue-headed Parrot,5.076233184
400,Blue-headed Vireo,4.618834081
401,Blue-naped Parrot,3.125560538
402,Blue-streaked Lory,2.591928251
403,Blue-tailed Bee-eater,7.121076233
404,Blue-throated Barbet,1.995515695
405,Blue-throated Macaw,6.883408072
406,Blue-winged Kookaburra,4.085201794
407,Blue-winged Pitta,2.632286996
408,Blue-winged Teal,6.627802691
409,Blue-winged Warbler,9.565022422
410,Blue Bird-of-paradise,9.143497758
411,Blue Bunting,12.0941704
412,Blue Bustard,9.112107623
413,Blue Coua,3.928251121
414,Blue Crane,40.86098655
415,Blue Dacnis,11.68161435
416,Blue Duck,69.39910314
417,Blue Finch,25.22869955
418,Blue Grosbeak,15.50672646
419,Blue Jay,32
420,Blue Lorikeet,26.96412556
421,Blue Manakin,9.887892377
422,Blue Mockingbird,37.01793722
423,Blue Mountain Vireo,2.304932735
424,Blue Noddy,17.23766816
425,Blue Nuthatch,17.37219731
426,Blue Petrel,6.260089686
427,Blue Pitta,23.78026906
428,Blue Swallow,36.84753363
429,Bluebonnet,44.80269058
430,Bluethroat,11.15695067
431,Blyth's Pipit,1.470852018
432,Boat-billed Heron,6.206278027
433,Boat-tailed Grackle,8.143497758
434,Bobolink,38.26008969
435,Bohemian Waxwing,17.9955157
436,Bokmakierie,32.25112108
437,Bonaparte's Gull,6.627802691
438,Bonelli's Eagle,6.426008969
439,Bonin Petrel,2.156950673
440,Booted Eagle,33.17040359
441,Booted Warbler,5.623318386
442,Boreal Chickadee,10.83408072
443,Boreal Owl,14.73991031
444,Bornean Frogmouth,2.887892377
445,Bornean Peacock-pheasant,3.582959641
446,Bougainville Moustached Kingfisher,2.914798206
447,Boulder Chat,11.07623318
448,Bourke's Parrot,6.856502242
449,Brahminy Kite,24.79372197
450,Brahminy Starling,16.44843049
451,Brambling,35.52914798
452,Brazilian Merganser,5.65470852
453,Brazilian Ruby,30.26457399
454,Brazilian Tanager,6.515695067
455,Brazilian Teal,6.067264574
456,Brent Goose,23.03139013
457,Brewer's Blackbird,22.1793722
458,Brewer's Sparrow,9.497757848
459,Bridled Tern,8.264573991
460,Bridled Titmouse,3.201793722
461,Bridled White-eye,2.609865471
462,Broad-billed Hummingbird,6.623318386
463,Broad-billed Roller,1.013452915
464,Broad-billed Sandpiper,4.103139013
465,Broad-tailed Hummingbird,7.69955157
466,Broad-winged Hawk,13.13452915
467,Bronze-winged Courser,1.30044843
468,Bronze Mannikin,9.560538117
469,Bronzed Cowbird,9.434977578
470,Bronzed Drongo,4.080717489
471,Bronzy Inca,2.426008969
472,Brown-backed Solitaire,1.632286996
473,Brown-chested Martin,2.134529148
474,Brown-crested Flycatcher,4.089686099
475,Brown-eared Bulbul,7.174887892
476,Brown-headed Barbet,6.511210762
477,Brown-headed Cowbird,11.56502242
478,Brown-headed Gull,3.802690583
479,Brown-headed Nuthatch,7.304932735
480,Brown-hooded Gull,0.843049327
481,Brown-throated Sunbird,7.753363229
482,Brown Booby,14.39910314
483,Brown Bullfinch,7.304932735
484,Brown Dipper,16.32735426
485,Brown Falcon,25.22869955
486,Brown Goshawk,8.704035874
487,Brown Honeyeater,7.928251121
488,Brown Inca,12.78026906
489,Brown Jay,17.69058296
490,Brown Lory,10.38116592
491,Brown Noddy,13.5426009
492,Brown Oriole,12.48430493
493,Brown Parrot,36.38565022
494,Brown Pelican,18.632287
495,Brown Quail,20.95067265
496,Brown Shrike,12.85201794
497,Brown Skua,10.32286996
498,Brown Tanager,7.811659193
499,Brown Teal,61.61883408
500,Brown Thornbill,8.99103139
501,Brown Thrasher,25.08520179
502,Brown Treecreeper,5.677130045
503,Brown Trembler,0.946188341
504,Brown Whistler,13.73542601
505,Brubru,14.26457399
506,Brush Bronzewing,4.197309417
507,Brush Cuckoo,5.408071749
508,Budgerigar,27.51121076
509,Buff-banded Rail,3.367713004
510,Buff-bellied Pipit,3.596412556
511,Buff-breasted Sandpiper,6.367713004
512,Buff-collared Nightjar,1.641255605
513,Buff-faced Pygmy-parrot,3.704035874
514,Bufflehead,46.53811659
515,Bugun Liocichla,1.14573991
516,Bull-headed Shrike,4.02690583
517,Buller's Albatross,5.475336323
518,Bullock's Oriole,9.273542601
519,Bumblebee Hummingbird,16.25560538
520,Burrowing Owl,36.82959641
521,Burrowing Parrot,6.529147982
522,Cackling Goose,15.98654709
523,Cactus Wren,27.10313901
524,Calandra Lark,8.708520179
525,Calayan Rail,1.132286996
526,California Condor,29.34080717
527,California Gnatcatcher,11.95964126
528,California Gull,10.66816143
529,California Quail,24.43049327
530,California Thrasher,15.40358744
531,California Towhee,19.71300448
532,Calliope Hummingbird,18.04035874
533,Cambodian Laughingthrush,1.964125561
534,Cambodian Tailorbird,1.197309417
535,Campbell Teal,11.71300448
536,Campo Flicker,2.847533632
537,Campo Troupial,5.896860987
538,Canada Goose,18.1793722
539,Canada Warbler,22.74887892
540,Canvasback,53.27802691
541,Canyon Wren,17.0941704
542,Cape Barren Goose,11.32286996
543,Cape Bulbul,16.4529148
544,Cape Bunting,8.399103139
545,Cape Canary,37.5470852
546,Cape Cormorant,5.246636771
547,Cape Crow,25.37219731
548,Cape Gannet,13.50672646
549,Cape May Warbler,4.219730942
550,Cape Parrot,25.51121076
551,Cape Petrel,13.78026906
552,Cape Sparrow,12.47085202
553,Cape Starling,9.291479821
554,Cape Sugarbird,7.466367713
555,Cape Teal,13.38116592
556,Cape Vulture,17.0896861
557,Cape Wagtail,7.206278027
558,Cape Weaver,15.17488789
559,Cape White-eye,3.130044843
560,Capped Heron,11.38565022
561,Capuchinbird,2.910313901
562,Cardinal Woodpecker,28.03587444
563,Carib Grackle,8.878923767
564,Caribbean Dove,25.48430493
565,Caribbean Martin,33.08071749
566,Carolina Chickadee,28.98654709
567,Carolina Wren,25.57847534
568,Carrion Crow,29.85201794
569,Carunculated Caracara,5.331838565
570,Caspian Gull,11.02242152
571,Caspian Plover,7.224215247
572,Caspian Tern,27.98206278
573,Caspian Tit,4.551569507
574,Cassin's Auklet,4.452914798
575,Cassin's Finch,3.995515695
576,Cassin's Vireo,4.843049327
577,Cattle Egret,37.33183857
578,Cattle Tyrant,3.65470852
579,Cave Swallow,13.9955157
580,Cave Swiftlet,4.273542601
581,Cebu Flowerpecker,6.771300448
582,Cedar Waxwing,38.53363229
583,Cerulean Warbler,17.08071749
584,Cetti's Warbler,3.578475336
585,Chaco Owl,5.775784753
586,Chalk-browed Mockingbird,3.237668161
587,Channel-billed Cuckoo,6.188340807
588,Channel-billed Toucan,6.358744395
589,Chatham Albatross,8.807174888
590,Chatham Petrel,3.686098655
591,Chatham Pigeon,8.080717489
592,Chattering Lory,13.59192825
593,Cheer Pheasant,7.807174888
594,Chestnut-backed Chickadee,7.443946188
595,Chestnut-breasted Mannikin,0.874439462
596,Chestnut-breasted Partridge,1.062780269
597,Chestnut-crowned Babbler,2.69058296
598,Chestnut-eared Bunting,0.721973094
599,Chestnut-headed Bee-eater,3.394618834
600,Chestnut-sided Warbler,7.65470852
601,Chestnut-tailed Starling,7.161434978
602,Chestnut Bunting,4.950672646
603,Chestnut Munia,1.668161435
604,Chestnut Rail,17.87443946
605,Chestnut Sparrow,9.878923767
606,Chestnut Teal,15.07623318
607,Chestnut Thrush,12.15695067
608,Chestnut Weaver,9.206278027
609,Chestnut Woodpecker,3.730941704
610,Chihuahuan Raven,7.883408072
611,Chilean Flamingo,8.071748879
612,Chilean Tinamou,4.798206278
613,Chiloe Wigeon,4.443946188
614,Chimango Caracara,4.147982063
615,Chiming Wedgebill,5.506726457
616,Chimney Swift,27.03587444
617,Chinese Blackbird,13.21076233
618,Chinese Crested Tern,2.964125561
619,Chinese Egret,8.735426009
620,Chinese Francolin,4.201793722
621,Chinese Grouse,13.30493274
622,Chinese Monal,5.686098655
623,Chinese Sparrowhawk,15.24215247
624,Chinese Thrush,24.1838565
625,Chinstrap Penguin,19.80717489
626,Chipping Sparrow,22.26457399
627,Chopi Blackbird,2.30044843
628,Chowchilla,38.38116592
629,Christmas Island Frigatebird,6.686098655
630,Chukar,58.67713004
631,Cinderella Waxbill,5.201793722
632,Cinereous Bulbul,3.928251121
633,Cinereous Bunting,5.071748879
634,Cinereous Mourner,4.322869955
635,Cinereous Vulture,12.12556054
636,Cinnamon Bittern,4.533632287
637,Cinnamon Hummingbird,9.439461883
638,Cinnamon Teal,30.26008969
639,Cirl Bunting,15.73991031
640,Citril Finch,4.385650224
641,Citrine Wagtail,11.2690583
642,Clapper Rail,21.97309417
643,Clark's Grebe,6.739910314
644,Clark's Nutcracker,16.34080717
645,Clay-colored Sparrow,6.466367713
646,Clay-colored Thrush,5.426008969
647,Cliff Swallow,32.23766816
648,Club-winged Manakin,1.883408072
649,Coal Tit,16.53811659
650,Cockatiel,47.13452915
651,Cocoi Heron,7.573991031
652,Coconut Lorikeet,5.65470852
653,Coleto,41.75784753
654,Colima Warbler,4.69955157
655,Collared Crow,6.34529148
656,Collared Falconet,6.233183857
657,Collared Flycatcher,13.06726457
658,Collared Inca,3.820627803
659,Collared Kingfisher,18.66816143
660,Collared Lory,3.686098655
661,Collared Nightjar,1.892376682
662,Collared Owlet,9.847533632
663,Collared Plover,5.995515695
664,Collared Pratincole,4.67264574
665,Collared Puffbird,4.040358744
666,Collared Sparrowhawk,9.206278027
667,Collared Sunbird,8.506726457
668,Collared Trogon,4.488789238
669,Comb-crested Jacana,3.278026906
670,Common Babbler,16.73542601
671,Common Black Hawk,11.30493274
672,Common Bronzewing,5.937219731
673,Common Bulbul,22.72197309
674,Common Buttonquail,6.488789238
675,Common Chaffinch,8.668161435
676,Common Chiffchaff,6.103139013
677,Common Coot,12.44394619
678,Common Crane,31.62331839
679,Common Cuckoo,30.04035874
680,Common Eider,17.4573991
681,Common Emu,14.7264574
682,Common Firecrest,6.192825112
683,Common Fiscal,28.9103139
684,Common Flameback,5.802690583
685,Common Gallinule,22.87443946
686,Common Goldeneye,16.43049327
687,Common Grackle,20.58744395
688,Common Green Magpie,14.8161435
689,Common Greenshank,7.381165919
690,Common Hill Myna,13.52017937
691,Common Hoopoe,18.39013453
692,Common Iora,17.78475336
693,Common Kestrel,13.84753363
694,Common Kingfisher,26.07623318
695,Common Linnet,1.69058296
696,Common Loon,22.67264574
697,Common Miner,14.92825112
698,Common Moorhen,32.55605381
699,Common Murre,15.38565022
700,Common Myna,29.80269058
701,Common Nighthawk,18.75784753
702,Common Nightingale,22.93721973
703,Common Ostrich,15.56502242
704,Common Pheasant,32.51121076
705,Common Pochard,12.84753363
706,Common Poorwill,13.53363229
707,Common Potoo,7.062780269
708,Common Quail,18.39013453
709,Common Raven,29.98654709
710,Common Redshank,18.22869955
711,Common Redstart,10.57847534
712,Common Ringed Plover,11.46636771
713,Common Rosefinch,13.68161435
714,Common Sandpiper,30.8161435
715,Common Scoter,15.79820628
716,Common Shelduck,5.156950673
717,Common Snipe,20.30044843
718,Common Starling,18.79372197
719,Common Stonechat,7.179372197
720,Common Swift,30.6367713
721,Common Tailorbird,17.93273543
722,Common Teal,24.93273543
723,Common Tern,27.11210762
724,Common Waxbill,10.24215247
725,Common White Tern,4.802690583
726,Common Woodshrike,7.103139013
727,Common Yellowthroat,20.40358744
728,Compact Weaver,11.17488789
729,Congo Peafowl,12.14798206
730,Connecticut Warbler,9.946188341
731,Cook's Petrel,4.013452915
732,Cooper's Hawk,36.78026906
733,Copper Pheasant,16.5426009
734,Coppersmith Barbet,17.34080717
735,Coppery-headed Emerald,0.941704036
736,Cordilleran Flycatcher,5.573991031
737,Corn Bunting,22.47085202
738,Corncrake,36.33632287
739,Coscoroba Swan,8.735426009
740,Costa's Hummingbird,8.883408072
741,Cozumel Thrasher,0.975336323
742,Crane Hawk,11.77130045
743,Cream-colored Woodpecker,1.242152466
744,Cream-coloured Courser,3.224215247
745,Crescent-chested Warbler,3.452914798
746,Crescent Honeyeater,13.16591928
747,Crested Auklet,5.730941704
748,Crested Barbet,23.13452915
749,Crested Bellbird,2.748878924
750,Crested Bunting,6.820627803
751,Crested Caracara,22.31838565
752,Crested Coua,7.080717489
753,Crested Duck,27.92825112
754,Crested Eagle,27.78923767
755,Crested Francolin,6.914798206
756,Crested Goshawk,14.33183857
757,Crested Guan,3.443946188
758,Crested Jay,18.67713004
759,Crested Kingfisher,12.49775785
760,Crested Lark,20.46636771
761,Crested Myna,15
762,Crested Oropendola,5.174887892
763,Crested Owl,24.98206278
764,Crested Partridge,6.67264574
765,Crested Pigeon,23.48430493
766,Crested Quetzal,3.331838565
767,Crested Tit,18.97757848
768,Crested Treeswift,4.080717489
769,Crimson-rumped Toucanet,4.98206278
770,Crimson Chat,10.89237668
771,Crimson Fruitcrow,3.780269058
772,Crimson Rosella,34.17040359
773,Crimson Sunbird,25.20627803
774,Crimson Topaz,5.255605381
775,Crissal Thrasher,3.273542601
776,Crowned Eagle,13.71300448
777,Crowned Hornbill,11.20179372
778,Crowned Lapwing,5.932735426
779,Crowned Solitary Eagle,5.426008969
780,Crowned Woodnymph,5.865470852
781,Cuban Amazon,49.24663677
782,Cuban Bullfinch,5.30941704
783,Cuban Crow,15.88789238
784,Cuban Emerald,10.57399103
785,Cuban Grassquit,4.605381166
786,Cuban Green Woodpecker,2.313901345
787,Cuban Kite,5.928251121
788,Cuban Martin,6.417040359
789,Cuban Pewee,1.708520179
790,Cuban Solitaire,14.17488789
791,Cuban Tody,18.01345291
792,Cuban Trogon,9.282511211
793,Cuban Vireo,2.103139013
794,Cuckoo Roller,8.802690583
795,Curl-crested Jay,1.206278027
796,Curl-crested Manucode,2.295964126
797,Curlew Sandpiper,26.78026906
798,Curve-billed Thrasher,8.717488789
799,Dalmatian Pelican,6.69058296
800,Dark-billed Cuckoo,1.255605381
801,Dark-eyed Junco,10.50224215
802,Dark-necked Tailorbird,1.64573991
803,Daurian Jackdaw,8.677130045
804,Daurian Redstart,3.946188341
805,Dead Sea Sparrow,3.762331839
806,Demoiselle Crane,19.14798206
807,Desert Finch,10.95515695
808,Desert Lark,10.39461883
809,Desert Sparrow,16.14349776
810,Desert Tawny Owl,1.968609865
811,Desert Wheatear,9.219730942
812,Diamond Dove,52.87443946
813,Diamond Firetail,10.92376682
814,Dickcissel,15.62331839
815,Diederik Cuckoo,10.51121076
816,Dolphin Gull,8.766816143
817,Donacobius,3.748878924
818,Double-crested Cormorant,11.40358744
819,Double-toothed Kite,1.605381166
820,Downy Woodpecker,28.60986547
821,Drab Seedeater,1.255605381
822,Dulit Frogmouth,3.103139013
823,Dunlin,58.60089686
824,Dunnock,21
825,Dusky Grouse,16.78923767
826,Dusky Lory,5.713004484
827,Dusky Moorhen,13.37219731
828,Dusky Parrot,4.286995516
829,Dusky Robin,16.16143498
830,Dusky Scrubfowl,1.269058296
831,Dusky Thrush,4.094170404
832,Dusky Warbler,7.076233184
833,Dusky Woodswallow,10.42152466
834,Dwarf Bittern,3.3632287
835,Dwarf Cassowary,9.475336323
836,Dwarf Jay,13.34080717
837,Eared Dove,9.089686099
838,Eared Pitta,1.959641256
839,Eared Quetzal,4.264573991
840,Eastern Bluebird,20.04035874
841,Eastern Bristlebird,4.183856502
842,Eastern Crowned Warbler,1.3632287
843,Eastern Goldfinch,11.98430493
844,Eastern Imperial Eagle,3.950672646
845,Eastern Kingbird,15.97309417
846,Eastern Koel,8.466367713
847,Eastern Meadowlark,16.27802691
848,Eastern Phoebe,19.97757848
849,Eastern Rosella,19.24215247
850,Eastern Screech-owl,3.31838565
851,Eastern Spinebill,10.79372197
852,Eastern Towhee,20.73542601
853,Eastern Whip-poor-will,7.6367713
854,Eastern Whipbird,8.524663677
855,Eastern Wood-pewee,4.739910314
856,Eastern Yellow Robin,7.869955157
857,Eastern Yellow Wagtail,8.35426009
858,Echo Parakeet,7.69058296
859,Ecuadorian Hermit,7.789237668
860,Edible-nest Swiftlet,3.99103139
861,Egyptian Goose,37.98654709
862,Egyptian Nightjar,4.838565022
863,Egyptian Plover,16.66367713
864,Egyptian Vulture,14.61883408
865,Elegant Crested Tinamou,2.542600897
866,Elegant Parrot,12.86098655
867,Elegant Pitta,1.843049327
868,Elegant Tern,3.614349776
869,Elegant Tit,12.59641256
870,Elegant Trogon,11.50224215
871,Eleonora's Falcon,2.475336323
872,Elf Owl,17.91928251
873,Elfin Woods Warbler,2.286995516
874,Elliot's Pheasant,1.905829596
875,Emerald Starling,6.887892377
876,Emerald Tanager,3.376681614
877,Emerald Toucanet,7.798206278
878,Emperor Goose,12.28699552
879,Emperor Penguin,26.61434978
880,Empress Brilliant,8.896860987
881,Erect-crested Penguin,7.215246637
882,Eskimo Curlew,14.08071749
883,Esmeraldas Woodstar,1.807174888
884,Eurasian Bittern,4.614349776
885,Eurasian Blackbird,6.233183857
886,Eurasian Blackcap,6.780269058
887,Eurasian Blue Tit,11.59641256
888,Eurasian Bullfinch,14.64125561
889,Eurasian Collared-dove,7.600896861
890,Eurasian Crag Martin,5.668161435
891,Eurasian Curlew,7.69955157
892,Eurasian Dotterel,4.3632287
893,Eurasian Eagle-owl,14.5426009
894,Eurasian Golden Oriole,10.96412556
895,Eurasian Hobby,9.878923767
896,Eurasian Jackdaw,3.847533632
897,Eurasian Jay,19.11210762
898,Eurasian Magpie,17.42152466
899,Eurasian Nuthatch,8.937219731
900,Eurasian Oystercatcher,7.152466368
901,Eurasian Siskin,6.735426009
902,Eurasian Skylark,8.569506726
903,Eurasian Sparrowhawk,13.68609865
904,Eurasian Spoonbill,8.484304933
905,Eurasian Tree Sparrow,14.26008969
906,Eurasian Treecreeper,8.784753363
907,Eurasian Wigeon,15.75784753
908,Eurasian Woodcock,7.30044843
909,Eurasian Wryneck,9.30044843
910,European Bee-eater,4.843049327
911,European Goldfinch,20.56053812
912,European Greenfinch,10.76681614
913,European Herring Gull,4.340807175
914,European Nightjar,9.278026906
915,European Pied Flycatcher,4.977578475
916,European Robin,28.11210762
917,European Roller,20.37668161
918,European Serin,6.457399103
919,European Shag,6.488789238
920,Evening Grosbeak,19.02690583
921,Eyebrowed Thrush,7.358744395
922,Eyrean Grasswren,2.260089686
923,Fairy Martin,23.89237668
924,Fairy Pitta,10.61883408
925,Fairy Prion,5.479820628
926,Fairy Tern,19.86547085
927,Falcated Duck,5.291479821
928,Familiar Chat,17.91928251
929,Fan-tailed Warbler,2.986547085
930,Far Eastern Curlew,12.49775785
931,Fearful Owl,6.977578475
932,Fernwren,4.098654709
933,Ferruginous Duck,12.42600897
934,Ferruginous Flycatcher,2.65470852
935,Ferruginous Hawk,20.58744395
936,Ferruginous Pygmy-owl,4.834080717
937,Field Sparrow,18.60538117
938,Fieldfare,10.19730942
939,Fiery-throated Hummingbird,4.766816143
940,Fiery Topaz,6.282511211
941,Fiji Parrotfinch,1.30941704
942,Fiji Petrel,1.394618834
943,Fiordland Penguin,10.93273543
944,Fire-tailed Sunbird,1.542600897
945,Firethroat,4.623318386
946,Fischer's Lovebird,12.34529148
947,Fish Crow,37.58295964
948,Flame-faced Tanager,2.313901345
949,Flame Bowerbird,3.506726457
950,Flame Robin,30.06278027
951,Flamecrest,8.448430493
952,Flammulated Owl,13.73991031
953,Flightless Cormorant,11.77578475
954,Floreana Mockingbird,7.928251121
955,Flores Crow,7.748878924
956,Flores Monarch,15.68609865
957,Florida Scrub-jay,6.986547085
958,Fluffy-backed Tit-babbler,4.538116592
959,Forest Bittern,6.32735426
960,Forest Buzzard,19.67264574
961,Forest Canary,15.19730942
962,Forest Kingfisher,23.52914798
963,Forest Owlet,20.07174888
964,Forest Raven,31.19282511
965,Forest Swallow,16.39910314
966,Forest Thrush,16.91928251
967,Forest Wagtail,12.26457399
968,Fork-tailed Drongo,2.381165919
969,Fork-tailed Flycatcher,4.443946188
970,Fork-tailed Sunbird,2.65470852
971,Forster's Tern,6.00896861
972,Forty-spotted Pardalote,3.291479821
973,Fox Kestrel,12.77578475
974,Franklin's Gull,8.426008969
975,Freckled Duck,5.31838565
976,Frilled Coquette,2.394618834
977,Fulvous Whistling-duck,1.829596413
978,Gabar Goshawk,9.68161435
979,Gadwall,39.31838565
980,Galah,51.56950673
981,Galapagos Dove,15.21076233
982,Galapagos Hawk,7.443946188
983,Galapagos Martin,17.51121076
984,Galapagos Mockingbird,5.35426009
985,Galapagos Penguin,17.85650224
986,Galapagos Rail,6.269058296
987,Gambel's Quail,6.605381166
988,Gang-gang Cockatoo,9.66367713
989,Garden Emerald,58.68161435
990,Garden Warbler,17.46636771
991,Garganey,3.793721973
992,Gentoo Penguin,22.65919283
993,Giant Antpitta,3.412556054
994,Giant Coot,3.452914798
995,Giant Hummingbird,13.34080717
996,Giant Ibis,32.48430493
997,Giant Kingbird,1.843049327
998,Giant Kingfisher,24.4529148
999,Giant Nuthatch,6.134529148
1000,Giant Pitta,4.134529148
1001,Giant Snipe,10.80269058
1002,Giant Weaver,9.609865471
1003,Giant Wren,7.704035874
1004,Gila Woodpecker,10.2690583
1005,Gilded Flicker,8.421524664
1006,Glaucous-winged Gull,5.434977578
1007,Glaucous Gull,9.825112108
1008,Glaucous Macaw,11.08520179
1009,Glossy Ibis,21.14798206
1010,Glossy Swiftlet,2.874439462
1011,Goldcrest,48.25112108
1012,Golden-bellied Gerygone,5.726457399
1013,Golden-capped Parakeet,1.627802691
1014,Golden-cheeked Warbler,8.811659193
1015,Golden-chevroned Tanager,1.959641256
1016,Golden-collared Manakin,1.147982063
1017,Golden-crowned Kinglet,9.771300448
1018,Golden-crowned Sparrow,7.968609865
1019,Golden-crowned Warbler,3.192825112
1020,Golden-fronted Bowerbird,1.174887892
1021,Golden-fronted Leafbird,2.618834081
1022,Golden-fronted Woodpecker,4.668161435
1023,Golden-headed Cisticola,4.748878924
1024,Golden-winged Sparrow,1.439461883
1025,Golden-winged Warbler,15.94170404
1026,Golden Bowerbird,7.757847534
1027,Golden Dove,38.15695067
1028,Golden Eagle,39.84753363
1029,Golden Grosbeak,5.174887892
1030,Golden Masked-owl,1.434977578
1031,Golden Monarch,24.53363229
1032,Golden Myna,8.641255605
1033,Golden Nightjar,3.748878924
1034,Golden Palm Weaver,1.161434978
1035,Golden Parakeet,15.58295964
1036,Golden Pheasant,45.91928251
1037,Golden Pipit,8.439461883
1038,Golden Swallow,24.58744395
1039,Golden Tanager,14.78475336
1040,Golden Whistler,25.7264574
1041,Goldenface,12.1838565
1042,Goliath Heron,10.94618834
1043,Goosander,18.7264574
1044,Gorgeted Puffleg,1.210762332
1045,Gorgeted Woodstar,3.798206278
1046,Gouldian Finch,40.0896861
1047,Grace's Warbler,1.847533632
1048,Graceful Prinia,4.64573991
1049,Grandala,12.44843049
1050,Grass Wren,14.31390135
1051,Grasshopper Sparrow,14.04484305
1052,Great-tailed Grackle,13.93273543
1053,Great-winged Petrel,3.928251121
1054,Great Argus,27.18834081
1055,Great Barbet,13.367713
1056,Great Black-backed Gull,12.70852018
1057,Great Black Hawk,12.0896861
1058,Great Blue Heron,28.0044843
1059,Great Blue Turaco,5.905829596
1060,Great Bowerbird,3.058295964
1061,Great Bustard,22.03587444
1062,Great Cormorant,24.52914798
1063,Great Crested Flycatcher,14.57399103
1064,Great Crested Grebe,27.94170404
1065,Great Curassow,12.6367713
1066,Great Frigatebird,5.511210762
1067,Great Grebe,18.33183857
1068,Great Green Macaw,10.7264574
1069,Great Grey Owl,14.16143498
1070,Great Grey Shrike,14.19282511
1071,Great Hornbill,10
1072,Great Horned Owl,46.65022422
1073,Great Indian Bustard,19.01345291
1074,Great Kiskadee,10.81165919
1075,Great Knot,30.08520179
1076,Great Myna,8.596412556
1077,Great Potoo,4.600896861
1078,Great Rosefinch,8.421524664
1079,Great Shearwater,13.76233184
1080,Great Skua,9.062780269
1081,Great Slaty Woodpecker,2.228699552
1082,Great Snipe,14.42152466
1083,Great Sparrow,29.87892377
1084,Great Spotted Cuckoo,5.757847534
1085,Great Spotted Kiwi,6.291479821
1086,Great Spotted Woodpecker,21.8161435
1087,Great Thrush,28.24663677
1088,Great Tinamou,11.02690583
1089,Great Tit,28.26008969
1090,Great White Egret,27.39013453
1091,Great White Heron,23.71748879
1092,Great White Pelican,15.17040359
1093,Greater Adjutant,10.35426009
1094,Greater Ani,11.9058296
1095,Greater Antillean Bullfinch,9.219730942
1096,Greater Antillean Grackle,3.547085202
1097,Greater Bird-of-paradise,3.183856502
1098,Greater Blue-eared Starling,3.502242152
1099,Greater Coucal,18.22421525
1100,Greater Crested Tern,4.237668161
1101,Greater Flameback,12.78026906
1102,Greater Flamingo,22.57847534
1103,Greater Green Leafbird,4.757847534
1104,Greater Honeyguide,5.470852018
1105,Greater Pewee,5.834080717
1106,Greater Rhea,14.68609865
1107,Greater Roadrunner,10.0044843
1108,Greater Sandplover,1.860986547
1109,Greater Scaup,12.72197309
1110,Greater Spotted Eagle,10.03587444
1111,Greater White-fronted Goose,3.295964126
1112,Greater Yellowlegs,8.928251121
1113,Greater Yellownape,4.825112108
1114,Green-backed Tit,5.623318386
1115,Green-billed Coucal,3.434977578
1116,Green-billed Malkoha,5.147982063
1117,Green-breasted Mango,1.174887892
1118,Green-cheeked Parakeet,8.878923767
1119,Green-headed Tanager,2.887892377
1120,Green-tailed Towhee,4.591928251
1121,Green-throated Carib,2.417040359
1122,Green-winged Teal,11.47085202
1123,Green Barbet,12.66816143
1124,Green Broadbill,10.23318386
1125,Green Catbird,7.69058296
1126,Green Cochoa,4.65470852
1127,Green Hermit,24.48878924
1128,Green Honeycreeper,6.735426009
1129,Green Ibis,44.47533632
1130,Green Inca,13.44843049
1131,Green Iora,4.461883408
1132,Green Jay,17.94618834
1133,Green Junglefowl,4.556053812
1134,Green Kingfisher,33.52466368
1135,Green Mango,55.12107623
1136,Green Oriole,22.71300448
1137,Green Parakeet,35.03587444
1138,Green Peafowl,18.51121076
1139,Green Pheasant,31.37219731
1140,Green Rosella,25.99103139
1141,Green Sandpiper,16.67713004
1142,Green Turaco,11.1838565
1143,Green Warbler,21.21973094
1144,Green Woodhoopoe,3
1145,Greenish Warbler,17.34080717
1146,Grenada Dove,10.30044843
1147,Grey-backed Shrike,2.860986547
1148,Grey-crowned Warbler,1.071748879
1149,Grey-headed Albatross,4.210762332
1150,Grey-headed Lapwing,2.215246637
1151,Grey-headed Lovebird,3.780269058
1152,Grey-headed Woodpecker,4.68161435
1153,Grey Bunting,23.50224215
1154,Grey Bushchat,14.75336323
1155,Grey Butcherbird,13.22421525
1156,Grey Catbird,10.58744395
1157,Grey Crow,24.4573991
1158,Grey Crowned Crane,25.10313901
1159,Grey Currawong,6.816143498
1160,Grey Falcon,41.65919283
1161,Grey Fantail,17.87443946
1162,Grey Francolin,27.92376682
1163,Grey Go-away-bird,7.139013453
1164,Grey Goshawk,9.713004484
1165,Grey Grasswren,2.542600897
1166,Grey Gull,26.96860987
1167,Grey Hawk,30.20627803
1168,Grey Heron,34.74887892
1169,Grey Honeyeater,7.64573991
1170,Grey Jay,12.5470852
1171,Grey Junglefowl,7.533632287
1172,Grey Kestrel,13.73991031
1173,Grey Kingbird,8.116591928
1174,Grey Nightjar,7.040358744
1175,Grey Parrot,55.37219731
1176,Grey Partridge,28.33632287
1177,Grey Petrel,10.61883408
1178,Grey Plover,15.65470852
1179,Grey Teal,23.83408072
1180,Grey Thrasher,17.93721973
1181,Grey Tinamou,2.946188341
1182,Grey Tit,31.75784753
1183,Grey Treepie,13.0896861
1184,Grey Vireo,6.412556054
1185,Grey Wagtail,26.48430493
1186,Grey Whistler,15.26457399
1187,Grey Woodpecker,26.25112108
1188,Grey Wren,29.47982063
1189,Greylag Goose,34.58744395
1190,Griffon Vulture,24.87892377
1191,Groove-billed Ani,3.286995516
1192,Grosbeak Starling,7.035874439
1193,Ground Parrot,21.10762332
1194,Ground Tit,14.08520179
1195,Ground Woodpecker,13.15246637
1196,Guadalcanal Moustached Kingfisher,0.614349776
1197,Guadalupe Murrelet,7.35426009
1198,Guaiabero,10.79372197
1199,Guam Kingfisher,5.130044843
1200,Guam Rail,10.37219731
1201,Guanay Cormorant,2.524663677
1202,Guayaquil Woodpecker,2.704035874
1203,Guianan Cock-of-the-rock,5.829596413
1204,Guira Cuckoo,4.829596413
1205,Gunnison Grouse,12.74439462
1206,Gyrfalcon,36.25560538
1207,Hadada Ibis,10.75784753
1208,Hair-crested Drongo,7.470852018
1209,Hairy Woodpecker,29.62780269
1210,Hamerkop,22.05829596
1211,Hammond's Flycatcher,8.219730942
1212,Happy Wren,16.07174888
1213,Hardhead,36.34529148
1214,Harlequin Duck,33.19730942
1215,Harlequin Quail,5.959641256
1216,Harpy Eagle,8.735426009
1217,Hawaii Creeper,10.46188341
1218,Hawaiian Coot,5.69955157
1219,Hawaiian Crow,10.0896861
1220,Hawaiian Duck,17.8161435
1221,Hawaiian Goose,11.82511211
1222,Hawaiian Hawk,10.632287
1223,Hawaiian Petrel,11.47085202
1224,Hawfinch,14.65470852
1225,Hazel Grouse,9.192825112
1226,Helmet Vanga,8.426008969
1227,Helmeted Curassow,2.959641256
1228,Helmeted Friarbird,7.977578475
1229,Helmeted Guineafowl,6.775784753
1230,Helmeted Hornbill,10.20179372
1231,Hen Harrier,20.39910314
1232,Henderson Crake,8.479820628
1233,Henderson Petrel,2.089686099
1234,Henslow's Sparrow,3.412556054
1235,Hepatic Tanager,8.049327354
1236,Herald Petrel,3.659192825
1237,Hermit Thrush,32.05381166
1238,Hermit Warbler,12.07174888
1239,Hill Partridge,32.79820628
1240,Hill Pigeon,52.13452915
1241,Hill Prinia,5.964125561
1242,Himalayan Bulbul,9.470852018
1243,Himalayan Cuckoo,11.70403587
1244,Himalayan Forest Thrush,3.430493274
1245,Himalayan Griffon,11.5470852
1246,Himalayan Monal,14.29596413
1247,Himalayan Owl,8.062780269
1248,Himalayan Quail,17.50224215
1249,Himalayan Snowcock,10.50672646
1250,Hispaniolan Amazon,4.224215247
1251,Hispaniolan Trogon,9.605381166
1252,Hoary Puffleg,3.233183857
1253,Hoatzin,23.12556054
1254,Hooded Crane,2.553811659
1255,Hooded Grebe,9.107623318
1256,Hooded Merganser,41.50672646
1257,Hooded Oriole,19.48878924
1258,Hooded Parrot,8.529147982
1259,Hooded Pitohui,7.748878924
1260,Hooded Plover,13.26457399
1261,Hooded Robin,12
1262,Hooded Siskin,7.686098655
1263,Hooded Tanager,6.125560538
1264,Hooded Treepie,3.793721973
1265,Hooded Vulture,7.049327354
1266,Hooded Warbler,10.89686099
1267,Hooded Wheatear,2.457399103
1268,Horned Grebe,11.20627803
1269,Horned Guan,7.192825112
1270,Horned Lark,12.89686099
1271,Horned Parakeet,7.32735426
1272,Horned Puffin,13.08071749
1273,Horned Screamer,7.3632287
1274,Horned Sungem,7.632286996
1275,Horus Swift,2.892376682
1276,House Bunting,35.35426009
1277,House Crow,49.30941704
1278,House Finch,25.0044843
1279,House Sparrow,30
1280,House Swallow,39.51569507
1281,House Swift,40.75784753
1282,House Wren,28.89686099
1283,Hudsonian Godwit,10.70852018
1284,Humboldt Penguin,24.41704036
1285,Hyacinth Macaw,51.86098655
1286,Hypocolius,7.147982063
1287,Ibadan Malimbe,5.69058296
1288,Iberian Chiffchaff,6.475336323
1289,Ibisbill,5.677130045
1290,Iceland Gull,17.28251121
1291,Icterine Warbler,4.147982063
1292,Iiwi,16.84304933
1293,Imperial Amazon,42.71300448
1294,Imperial Shag,3.466367713
1295,Imperial Woodpecker,5.385650224
1296,Inaccessible Rail,9.035874439
1297,Inca Dove,11.84304933
1298,Inca Tern,10.65919283
1299,Indian Blackbird,10.98206278
1300,Indian Blue Robin,9.412556054
1301,Indian Cormorant,8.847533632
1302,Indian Courser,2.053811659
1303,Indian Cuckoo,19.49327354
1304,Indian Golden Oriole,14.37668161
1305,Indian Grey Hornbill,7.816143498
1306,Indian Nightjar,4.372197309
1307,Indian Peafowl,22.79372197
1308,Indian Pitta,31.08071749
1309,Indian Robin,26.66816143
1310,Indian Roller,29.23318386
1311,Indian Silverbill,15.12556054
1312,Indian Skimmer,10.0941704
1313,Indian Spot-billed Duck,5.322869955
1314,Indian Spotted Eagle,8.179372197
1315,Indian Swiftlet,1.905829596
1316,Indian Vulture,34.69506726
1317,Indian White-eye,3.883408072
1318,Indigo Bunting,11.01793722
1319,Indigo Flycatcher,1.802690583
1320,Intermediate Egret,9.928251121
1321,Iris Lorikeet,3.179372197
1322,Isabela Oriole,6.080717489
1323,Isabelline Shrike,6.896860987
1324,Isabelline Wheatear,9.560538117
1325,Island Canary,29.65919283
1326,Island Monarch,45.367713
1327,Island Thrush,20.26457399
1328,Island Whistler,32.94618834
1329,Italian Sparrow,23.30493274
1330,Ivory-billed Woodpecker,2.058295964
1331,Ivory Gull,8.551569507
1332,Jabiru,38.8206278
1333,Jack Snipe,14.69058296
1334,Jackal Buzzard,11.09865471
1335,Jacky Winter,19.75336323
1336,Jacobin Cuckoo,8.914798206
1337,Jamaican Crow,19.75784753
1338,Jamaican Mango,38.13901345
1339,Jamaican Oriole,5.188340807
1340,Jamaican Owl,12.04484305
1341,Jamaican Petrel,1.860986547
1342,Jamaican Tody,2.35426009
1343,Jandaya Parakeet,3.255605381
1344,Japanese Cormorant,9.708520179
1345,Japanese Grosbeak,2.68161435
1346,Japanese Murrelet,3.094170404
1347,Japanese Pygmy Woodpecker,3.600896861
1348,Japanese Quail,28.29147982
1349,Japanese Robin,22.43946188
1350,Japanese Sparrowhawk,6.614349776
1351,Japanese Thrush,14.74439462
1352,Japanese Wagtail,4.910313901
1353,Japanese Waxwing,4.896860987
1354,Japanese Woodpecker,13.50224215
1355,Java Sparrow,20.78923767
1356,Javan Green Magpie,5.686098655
1357,Javan Hawk-eagle,2.443946188
1358,Javan Kingfisher,8.977578475
1359,Javan Lapwing,4.080717489
1360,Javan Munia,10.32735426
1361,Javan Myna,11.95515695
1362,Javan Owlet,6.892376682
1363,Jerdon's Babbler,1.044843049
1364,Jocotoco Antpitta,4.793721973
1365,Jos Plateau Indigobird,3.192825112
1366,Juan Fernandez Firecrown,3.255605381
1367,Juan Fernandez Petrel,2.246636771
1368,Juan Fernandez Tit-tyrant,0.677130045
1369,Jungle Myna,9.479820628
1370,Jungle Owlet,22.65022422
1371,Jungle Prinia,3.174887892
1372,Junin Grebe,2.282511211
1373,Juniper Titmouse,3.582959641
1374,Kagu,46.15695067
1375,Kakapo,22.83408072
1376,Kalij Pheasant,4.358744395
1377,Karamoja Apalis,2.735426009
1378,Karoo Chat,13.11659193
1379,Karoo Lark,4.390134529
1380,Karoo Thrush,9.242152466
1381,Kashmir Flycatcher,8.834080717
1382,Kauai Nukupuu,3.004484305
1383,Kea,26.72197309
1384,Keel-billed Toucan,8.031390135
1385,Kelp Goose,2.887892377
1386,Kelp Gull,7.695067265
1387,Kentish Plover,12.93273543
1388,Kentucky Warbler,15.03587444
1389,Kerguelen Petrel,2.484304933
1390,Kerguelen Shag,3.524663677
1391,Kermadec Petrel,2.529147982
1392,Kikau,21.20627803
1393,Killdeer,37.62780269
1394,King Bird-of-paradise,6.291479821
1395,King Eider,18.06726457
1396,King of Saxony Bird-of-paradise,3.538116592
1397,King Penguin,31.89686099
1398,King Rail,54.17040359
1399,King Vulture,24.3632287
1400,Kinglet Calyptura,1.470852018
1401,Kirtland's Warbler,3.937219731
1402,Knobbed Hornbill,8.040358744
1403,Knysna Turaco,7.004484305
1404,Koklass Pheasant,9.143497758
1405,Kori Bustard,12.71300448
1406,Kurdish Wheatear,3.618834081
1407,Ladder-backed Woodpecker,6.488789238
1408,Laggar Falcon,5.439461883
1409,Lake Duck,35.29147982
1410,Lance-tailed Manakin,4.506726457
1411,Lanceolated Warbler,2.372197309
1412,Lanner Falcon,16.89686099
1413,Lapland Longspur,10.02690583
1414,Lappet-faced Vulture,7.183856502
1415,Large-billed Crow,5.219730942
1416,Large-billed Reed-warbler,0.600896861
1417,Large-tailed Nightjar,3.215246637
1418,Large Frogmouth,4.695067265
1419,Large Grey Babbler,13.4529148
1420,Large Woodshrike,7.098654709
1421,Lark Bunting,17.38116592
1422,Lark Sparrow,18.47085202
1423,Laughing Dove,23.49775785
1424,Laughing Falcon,15.48430493
1425,Laughing Gull,17.95067265
1426,Laughing Kookaburra,24.38565022
1427,Lava Gull,4.556053812
1428,Lavender Waxbill,6.641255605
1429,Laysan Albatross,13.32735426
1430,Laysan Duck,6.627802691
1431,Lazuli Bunting,17.67264574
1432,Lazy Cisticola,2.937219731
1433,Leaden Flycatcher,12.78026906
1434,Lear's Macaw,6.739910314
1435,Least Auklet,1.717488789
1436,Least Bittern,14.43946188
1437,Least Flycatcher,20.86098655
1438,Least Grebe,7.103139013
1439,Least Sandpiper,20.52017937
1440,Least Tern,23.67264574
1441,Lemon Dove,35.10762332
1442,Lesser Adjutant,10.88340807
1443,Lesser Black-backed Gull,10.7309417
1444,Lesser Coucal,11.19730942
1445,Lesser Crested Tern,13.33632287
1446,Lesser Cuckoo,9.66367713
1447,Lesser Flamingo,14.19282511
1448,Lesser Florican,17.48430493
1449,Lesser Frigatebird,13.95515695
1450,Lesser Goldfinch,20.73991031
1451,Lesser Grey Shrike,7.493273543
1452,Lesser Kestrel,15.53811659
1453,Lesser Masked Weaver,2.098654709
1454,Lesser Moorhen,2.103139013
1455,Lesser Nighthawk,12.7264574
1456,Lesser Noddy,2.31838565
1457,Lesser Prairie-chicken,3.533632287
1458,Lesser Rhea,4.775784753
1459,Lesser Roadrunner,4.121076233
1460,Lesser Scaup,22.72197309
1461,Lesser Shortwing,4.412556054
1462,Lesser Spotted Eagle,14.82511211
1463,Lesser Spotted Woodpecker,24.367713
1464,Lesser Yellowlegs,13.46636771
1465,Levant Sparrowhawk,5.986547085
1466,Lewin's Honeyeater,3.470852018
1467,Liben Lark,4.739910314
1468,Light-vented Bulbul,6.269058296
1469,Lilac-breasted Roller,9.735426009
1470,Lilacine Amazon,3.556053812
1471,Limpkin,24.21973094
1472,Lincoln's Sparrow,4.964125561
1473,Lineated Barbet,11.43497758
1474,Lineated Woodpecker,5.264573991
1475,Lined Seedeater,3.044843049
1476,Little Auk,6.049327354
1477,Little Bee-eater,5.484304933
1478,Little Black Cormorant,7.430493274
1479,Little Blue Heron,28.5470852
1480,Little Brown Bustard,1.686098655
1481,Little Bunting,28.69058296
1482,Little Bustard,13.11659193
1483,Little Corella,20.69058296
1484,Little Cormorant,27.65919283
1485,Little Crake,5.766816143
1486,Little Crow,45.0941704
1487,Little Cuckoo,19.6367713
1488,Little Curlew,11.74887892
1489,Little Eagle,68.00896861
1490,Little Egret,33.00896861
1491,Little Friarbird,5.385650224
1492,Little Grebe,14.75784753
1493,Little Green Woodpecker,6.551569507
1494,Little Gull,27.94170404
1495,Little Hermit,25.04932735
1496,Little Kingfisher,12.15695067
1497,Little Lorikeet,15.30941704
1498,Little Nightjar,2.807174888
1499,Little Owl,59.78475336
1500,Little Penguin,46.11210762
1501,Little Pied Cormorant,11.1793722
1502,Little Pied Flycatcher,5.605381166
1503,Little Raven,49.56502242
1504,Little Ringed Plover,17.1793722
1505,Little Shearwater,8.542600897
1506,Little Spiderhunter,2.757847534
1507,Little Spotted Kiwi,8.721973094
1508,Little Stint,13.46188341
1509,Little Swift,25.13901345
1510,Little Tern,14.20179372
1511,Little Tinamou,3.183856502
1512,Little Wattlebird,8.600896861
1513,Little Weaver,30.41704036
1514,Little Woodpecker,19.23766816
1515,Little Woodstar,2.883408072
1516,Little Woodswallow,4.219730942
1517,Livingstone's Turaco,2.66367713
1518,Lizard Buzzard,10.38116592
1519,Loggerhead Kingbird,4.959641256
1520,Loggerhead Shrike,22.50224215
1521,Long-billed Corella,4.112107623
1522,Long-billed Curlew,10.04932735
1523,Long-billed Dowitcher,11.79372197
1524,Long-billed Murrelet,0.773542601
1525,Long-billed Thrasher,5.878923767
1526,Long-legged Buzzard,4.789237668
1527,Long-tailed Duck,10.95067265
1528,Long-tailed Finch,2.609865471
1529,Long-tailed Jaeger,3.497757848
1530,Long-tailed Minivet,2.964125561
1531,Long-tailed Mockingbird,3.946188341
1532,Long-tailed Potoo,0.986547085
1533,Long-tailed Rosefinch,1.443946188
1534,Long-tailed Shrike,5.044843049
1535,Long-tailed Tit,14.15695067
1536,Long-tailed Widowbird,4.502242152
1537,Long-toed Stint,3.3632287
1538,Long-wattled Umbrellabird,3.98206278
1539,Long-whiskered Owlet,1.869955157
1540,Louisiana Waterthrush,10.3632287
1541,Lovely Cotinga,3.022421525
1542,Lucifer Hummingbird,16.84753363
1543,Luzon Bleeding-heart,9.955156951
1544,Luzon Hornbill,2.686098655
1545,Lyre-tailed Nightjar,1.466367713
1546,Macaroni Penguin,23.15695067
1547,Madagascar Cuckoo,4.97309417
1548,Madagascar Pochard,7.053811659
1549,Madagascar Rail,8.650224215
1550,Madagascar Red Owl,2.551569507
1551,Madagascar Sacred Ibis,3.071748879
1552,Madagascar Swift,17.9058296
1553,Madagascar Teal,2.98206278
1554,Madanga,5.730941704
1555,Madeira Firecrest,9.286995516
1556,Magellanic Penguin,16.13004484
1557,Magellanic Woodpecker,4.372197309
1558,Magnificent Bird-of-paradise,1.215246637
1559,Magnificent Frigatebird,30.71300448
1560,Magnificent Hummingbird,11.5470852
1561,Magnificent Riflebird,6.802690583
1562,Magnolia Warbler,16.30493274
1563,Magpie-lark,5.515695067
1564,Magpie Goose,18.21076233
1565,Magpie Starling,17.4529148
1566,Maguari Stork,4.062780269
1567,Malabar Barbet,7.892376682
1568,Malabar Grey Hornbill,6.551569507
1569,Malabar Parakeet,6.376681614
1570,Malabar Pied Hornbill,19.70852018
1571,Malabar Trogon,15.52914798
1572,Malachite Kingfisher,20.67713004
1573,Malachite Sunbird,9.01793722
1574,Maleo,38.74887892
1575,Mali Firefinch,1.479820628
1576,Malia,20.21973094
1577,Mallard,29.41704036
1578,Mallee Emu-wren,2.004484305
1579,Malleefowl,13.27802691
1580,Mandarin Duck,12.37219731
1581,Maned Duck,8.071748879
1582,Mangrove Cuckoo,4.892376682
1583,Mangrove Finch,7.201793722
1584,Mangrove Hummingbird,5.031390135
1585,Mangrove Pitta,3.914798206
1586,Mangrove Swallow,1.932735426
1587,Mangrove Whistler,6.156950673
1588,Manx Shearwater,23.11210762
1589,Mao,72.97757848
1590,Marabou,27.77130045
1591,Marbled Frogmouth,3.910313901
1592,Marbled Godwit,18.04484305
1593,Marbled Murrelet,15.10762332
1594,Marbled Teal,5.533632287
1595,Mariana Crow,9.147982063
1596,Maroon-fronted Parrot,3.964125561
1597,Maroon Oriole,6.349775785
1598,Marsh Babbler,3.242152466
1599,Marsh Owl,14.83408072
1600,Marsh Sandpiper,12.91479821
1601,Marsh Tit,17.34529148
1602,Marsh Warbler,13.71748879
1603,Marsh Wren,20.65022422
1604,Martial Eagle,29.55605381
1605,Marvelous Spatuletail,8.112107623
1606,Mascarene Petrel,4.515695067
1607,Masked Booby,12.61883408
1608,Masked Bowerbird,4.932735426
1609,Masked Duck,2.769058296
1610,Masked Finch,12.60089686
1611,Masked Finfoot,3.6367713
1612,Masked Flowerpiercer,3.547085202
1613,Masked Lapwing,19.78026906
1614,Masked Shrike,4.556053812
1615,Masked Tityra,2.955156951
1616,Masked Trogon,3.677130045
1617,Maui Akepa,3.520179372
1618,Maui Nukupuu,0.98206278
1619,Maui Parrotbill,7.278026906
1620,Mauritius Fody,7.251121076
1621,Mauritius Kestrel,9.713004484
1622,Mauritius Olive White-eye,2.932735426
1623,Mayotte Drongo,3.125560538
1624,McKay's Bunting,1.735426009
1625,Meadow Bunting,6.461883408
1626,Meadow Pipit,9.058295964
1627,Mediterranean Gull,12.94618834
1628,Melancholy Woodpecker,4.816143498
1629,Melodious Warbler,5.730941704
1630,Merlin,47.07623318
1631,Metallic Starling,8.112107623
1632,Mew Gull,15.13004484
1633,Mexican Hermit,6.587443946
1634,Mexican Jay,32.39013453
1635,Mexican Rail,25.89237668
1636,Mexican Whip-poor-will,6.816143498
1637,Micronesian Starling,4.33632287
1638,Middle Spotted Woodpecker,7.515695067
1639,Mikado Pheasant,1.692825112
1640,Military Macaw,23.69955157
1641,Milky Stork,10.76681614
1642,Millerbird,3.713004484
1643,Mindanao Lorikeet,1.515695067
1644,Mindoro Bleeding-heart,5.466367713
1645,Mississippi Kite,26.00896861
1646,Mistle Thrush,24.06278027
1647,Mistletoebird,3.932735426
1648,Mitred Parakeet,3.99103139
1649,Mongolian Finch,1.565022422
1650,Mongolian Lark,7.282511211
1651,Monk Parakeet,23.37219731
1652,Monotonous Lark,4.551569507
1653,Montezuma Oropendola,14.14349776
1654,Montezuma Quail,9.843049327
1655,Montserrat Oriole,4.161434978
1656,Morepork,29.30044843
1657,Morningbird,11.69506726
1658,Mottled Duck,21.89686099
1659,Mottled Owl,13.14798206
1660,Mountain Barbet,9.01793722
1661,Mountain Bluebird,29.38565022
1662,Mountain Buzzard,14.65022422
1663,Mountain Caracara,4.506726457
1664,Mountain Chickadee,29.5470852
1665,Mountain Chiffchaff,1.273542601
1666,Mountain Kingfisher,14.5470852
1667,Mountain Oriole,7.34529148
1668,Mountain Parakeet,9.457399103
1669,Mountain Plover,13.16591928
1670,Mountain Quail,38.0044843
1671,Mountain Starling,8.757847534
1672,Mountain Thrush,9.273542601
1673,Mountain Warbler,8.394618834
1674,Mountain Wren,20.42152466
1675,Mourning Dove,32.04932735
1676,Mourning Warbler,15.35874439
1677,Moustached Flowerpiercer,1.022421525
1678,Moustached Puffbird,3.197309417
1679,Moustached Treeswift,1.905829596
1680,Moustached Warbler,3.852017937
1681,Mugimaki Flycatcher,9.466367713
1682,Mulga Parrot,12.37219731
1683,Multicolored Tanager,4.67264574
1684,Muscovy Duck,51.91928251
1685,Musician Wren,4.771300448
1686,Musk Duck,5.399103139
1687,Musk Lorikeet,25.69058296
1688,Mute Swan,21.23318386
1689,Myrtle Warbler,18.48878924
1690,Nacunda Nighthawk,1.748878924
1691,Namaqua Dove,5.098654709
1692,Namaqua Sandgrouse,3.686098655
1693,Nanday Parakeet,7.843049327
1694,Nankeen Kestrel,12.06726457
1695,Narcissus Flycatcher,5.165919283
1696,Narcondam Hornbill,15.34529148
1697,Narina Trogon,12.38116592
1698,Nashville Warbler,18.19730942
1699,Nazca Booby,12.10313901
1700,Nechisar Nightjar,4.439461883
1701,Neddicky,10.24215247
1702,Negros Bleeding-heart,4.910313901
1703,Nelson's Sparrow,6.197309417
1704,Neotropical Cormorant,2.569506726
1705,New Britain Rail,6.582959641
1706,New Caledonian Crow,13.07174888
1707,New Caledonian Owlet-nightjar,4.273542601
1708,New Holland Honeyeater,24.6367713
1709,New Zealand Bellbird,10.75784753
1710,New Zealand Falcon,22.64125561
1711,New Zealand Fantail,22.28699552
1712,New Zealand Kaka,15.11659193
1713,New Zealand Pigeon,18.48430493
1714,Nicobar Pigeon,21.632287
1715,Night Parrot,21.10313901
1716,Nightingale Finch,8.569506726
1717,Nihoa Finch,3.067264574
1718,Nile Valley Sunbird,1.775784753
1719,Nilgiri Flycatcher,7.251121076
1720,Nilgiri Pipit,4.708520179
1721,Noisy Friarbird,12.32735426
1722,Noisy Miner,22.96412556
1723,Noisy Pitta,9.376681614
1724,Nonggang Babbler,2.02690583
1725,North Island Brown Kiwi,9.192825112
1726,North Island Kokako,3.959641256
1727,North Island Robin,10.56053812
1728,Northern Bald Ibis,9.919282511
1729,Northern Bobwhite,14.82511211
1730,Northern Boobook,2.946188341
1731,Northern Cardinal,17.4573991
1732,Northern Carmine Bee-eater,2.650224215
1733,Northern Cassowary,10.03139013
1734,Northern Fulmar,6.547085202
1735,Northern Gannet,19.76681614
1736,Northern Giant Petrel,5.995515695
1737,Northern Goshawk,20.80269058
1738,Northern Harrier,36
1739,Northern House Martin,12.5426009
1740,Northern Jacana,6.32735426
1741,Northern Lapwing,4.006726457
1742,Northern Mockingbird,26.27802691
1743,Northern Parula,20.25560538
1744,Northern Pintail,19
1745,Northern Potoo,12.632287
1746,Northern Pygmy-owl,4.811659193
1747,Northern Red Bishop,9.923766816
1748,Northern Rockhopper Penguin,9.820627803
1749,Northern Rosella,10.10762332
1750,Northern Rough-winged Swallow,5.031390135
1751,Northern Royal Albatross,9.219730942
1752,Northern Royal Flycatcher,5.147982063
1753,Northern Saw-whet Owl,14.30044843
1754,Northern Screamer,7.717488789
1755,Northern Shoveler,28.12556054
1756,Northern Waterthrush,15.07623318
1757,Northern Wheatear,13.78475336
1758,Northern White-faced Owl,10.80269058
1759,Northern Wren,16.367713
1760,Northwestern Crow,14.12556054
1761,Nyasa Lovebird,18.60089686
1762,Oahu Alauahio,1.627802691
1763,Oak Titmouse,12.2690583
1764,Oasis Hummingbird,10.05829596
1765,Ocellated Turkey,14.94170404
1766,Oilbird,12.12556054
1767,Okarito Kiwi,17.84304933
1768,Okinawa Rail,16.91479821
1769,Oleaginous Hemispingus,8.439461883
1770,Olivaceous Warbler,4.789237668
1771,Olive-backed Pipit,2
1772,Olive-backed Sunbird,6.367713004
1773,Olive-sided Flycatcher,12.76681614
1774,Olive Finch,28.42600897
1775,Olive Flycatcher,17.91928251
1776,Olive Ibis,11.53363229
1777,Olive Sparrow,19.2690583
1778,Olive Sunbird,17.57847534
1779,Olive Thrush,20.29147982
1780,Olive Warbler,9.946188341
1781,Olive Whistler,10.17488789
1782,Olive Woodpecker,7.022421525
1783,Omani Owl,2.022421525
1784,Omao,28.28699552
1785,Orange-bellied Parrot,8.246636771
1786,Orange-billed Nightingale-thrush,1.340807175
1787,Orange-crowned Warbler,9.66367713
1788,Orange-fronted Parakeet,3.856502242
1789,Orange-headed Thrush,7.538116592
1790,Orange-necked Partridge,2.650224215
1791,Orange-winged Amazon,3.524663677
1792,Orange Bullfinch,8.01793722
1793,Orange Chat,35.43049327
1794,Orange Dove,54.05381166
1795,Orange Oriole,8.69058296
1796,Orange Weaver,26.25112108
1797,Orchard Oriole,10.7309417
1798,Oriental Darter,8.130044843
1799,Oriental Dollarbird,9.112107623
1800,Oriental Greenfinch,2.390134529
1801,Oriental Hobby,51.97309417
1802,Oriental Magpie-robin,5.412556054
1803,Oriental Pied Hornbill,6.937219731
1804,Oriental Plover,3.152466368
1805,Oriental Pratincole,5.412556054
1806,Oriental Skylark,10.6367713
1807,Oriental Stork,5.30941704
1808,Oriental Turtle-dove,1.695067265
1809,Orinoco Goose,2.937219731
1810,Oriole Blackbird,10.3632287
1811,Oriole Finch,11.28699552
1812,Oriole Warbler,11.8161435
1813,Ornate Hawk-eagle,4.65470852
1814,Ortolan Bunting,15.76681614
1815,Osprey,59.30941704
1816,Ou,57.52017937
1817,Ovenbird,24.66367713
1818,Pacific Baza,10.24215247
1819,Pacific Black Duck,12.7264574
1820,Pacific Golden Plover,17.49775785
1821,Pacific Gull,9.753363229
1822,Pacific Loon,16.367713
1823,Pacific Parrotlet,19.0044843
1824,Pacific Robin,16.76233184
1825,Pacific Royal Flycatcher,5.282511211
1826,Pacific Swift,48.04932735
1827,Pacific Wren,16.04932735
1828,Paddyfield Pipit,6.376681614
1829,Paddyfield Warbler,4.156950673
1830,Painted Bunting,24.3632287
1831,Painted Finch,18.71300448
1832,Painted Francolin,5.147982063
1833,Painted Honeyeater,6.488789238
1834,Painted Sandgrouse,11.9058296
1835,Painted Spurfowl,2.403587444
1836,Painted Stork,34.88340807
1837,Palawan Flycatcher,2.874439462
1838,Palawan Hornbill,5.757847534
1839,Palawan Peacock-pheasant,4.242152466
1840,Pale-billed Flowerpecker,1.910313901
1841,Pale-headed Rosella,3.251121076
1842,Pale Sparrow,7.919282511
1843,Pale Thrush,6.466367713
1844,Palestine Sunbird,9.233183857
1845,Palila,23.37668161
1846,Pallid Cuckoo,5.475336323
1847,Pallid Harrier,16.6367713
1848,Pallid Swift,4.677130045
1849,Palm Cockatoo,33.2690583
1850,Palm Crow,14.20179372
1851,Palm Tanager,3.766816143
1852,Palm Warbler,14.79820628
1853,Palmchat,20.97757848
1854,Papuan Eagle,7.479820628
1855,Papuan Frogmouth,5.143497758
1856,Papyrus Gonolek,1.632286996
1857,Paradise Riflebird,7.892376682
1858,Paradise Shelduck,7.650224215
1859,Paradise Tanager,10.19730942
1860,Parakeet Auklet,4.403587444
1861,Pardusco,19.65919283
1862,Parrot Crossbill,5.775784753
1863,Partridge Pigeon,16.42600897
1864,Pauraque,12.44394619
1865,Peaceful Dove,24.05829596
1866,Pearl Kite,13.9955157
1867,Pechora Pipit,4.080717489
1868,Pectoral Sandpiper,12.20179372
1869,Pelagic Cormorant,6.264573991
1870,Pennant-winged Nightjar,5
1871,Peregrine Falcon,39.07174888
1872,Perija Parakeet,3.376681614
1873,Pernambuco Pygmy-owl,2.004484305
1874,Persian Shearwater,3.820627803
1875,Peruvian Booby,3.408071749
1876,Peruvian Martin,12.66367713
1877,Peruvian Pelican,4.744394619
1878,Phainopepla,18.59192825
1879,Pheasant Coucal,28.10762332
1880,Pheasant Cuckoo,10.05829596
1881,Philadelphia Vireo,15.23318386
1882,Philippine Bulbul,4.053811659
1883,Philippine Cockatoo,9.260089686
1884,Philippine Coucal,5.843049327
1885,Philippine Duck,20.03587444
1886,Philippine Eagle,40.12556054
1887,Philippine Falconet,4.668161435
1888,Philippine Frogmouth,3.470852018
1889,Philippine Nightjar,4.573991031
1890,Philippine Pitta,5.3632287
1891,Philippine Scrubfowl,0.820627803
1892,Philippine Trogon,2.816143498
1893,Pied-billed Grebe,10.56950673
1894,Pied Avocet,9.130044843
1895,Pied Bushchat,17.15246637
1896,Pied Butcherbird,16.49775785
1897,Pied Crow,25.0896861
1898,Pied Currawong,13.37668161
1899,Pied Falconet,2.493273543
1900,Pied Goshawk,2.385650224
1901,Pied Harrier,5.33632287
1902,Pied Heron,11.64125561
1903,Pied Kingfisher,16.10313901
1904,Pied Lapwing,7.278026906
1905,Pied Monarch,1.955156951
1906,Pied Oystercatcher,12.65022422
1907,Pied Thrush,8.071748879
1908,Pied Triller,10.62780269
1909,Pied Wheatear,9.66367713
1910,Pigeon Guillemot,13.16591928
1911,Pileated Finch,3.986547085
1912,Pileated Woodpecker,30.57399103
1913,Pilotbird,2.704035874
1914,Pin-tailed Sandgrouse,2.385650224
1915,Pin-tailed Whydah,14.56950673
1916,Pine Bunting,13.51569507
1917,Pine Flycatcher,2.618834081
1918,Pine Grosbeak,23.95067265
1919,Pine Siskin,19.32735426
1920,Pine Warbler,26.11210762
1921,Pink-backed Pelican,2.807174888
1922,Pink-footed Goose,3.484304933
1923,Pink-headed Duck,5.905829596
1924,Pink-legged Graveteiro,1.076233184
1925,Pink-necked Green-pigeon,2.753363229
1926,Pink Pigeon,35.08071749
1927,Pink Robin,24.28251121
1928,Pinyon Jay,13.76233184
1929,Piping Crow,1.964125561
1930,Piping Plover,24.06278027
1931,Pipipi,14.26008969
1932,Piratic Flycatcher,2.174887892
1933,Plain-tailed Wren,2.107623318
1934,Plain Chachalaca,5.677130045
1935,Plain Flowerpecker,7.739910314
1936,Plain Nightjar,1.632286996
1937,Plain Parakeet,5.313901345
1938,Plain Pigeon,14.99103139
1939,Plain Prinia,14.52466368
1940,Plain Swift,26.8161435
1941,Plains-wanderer,2.789237668
1942,Plaintive Cuckoo,8.753363229
1943,Plum-headed Parakeet,7.004484305
1944,Plum-throated Cotinga,1.32735426
1945,Plumbeous Kite,5.968609865
1946,Plumbeous Vireo,6.717488789
1947,Plush-crested Jay,2.443946188
1948,Pomarine Jaeger,8.188340807
1949,Pompadour Cotinga,14.5426009
1950,Powerful Owl,35.55156951
1951,Prairie Falcon,24.49327354
1952,Prairie Warbler,16.83408072
1953,Princess Parrot,34.9058296
1954,Prothonotary Warbler,14.68161435
1955,Providence Petrel,3.511210762
1956,Puaiohi,3.103139013
1957,Puerto Rican Amazon,34.71300448
1958,Puerto Rican Mango,7.852017937
1959,Puerto Rican Tody,4.97309417
1960,Puerto Rican Woodpecker,1.977578475
1961,Puna Flamingo,3.600896861
1962,Puna Ibis,7.883408072
1963,Purple-rumped Sunbird,3.385650224
1964,Purple-winged Roller,0.937219731
1965,Purple Finch,36.29596413
1966,Purple Gallinule,20.71300448
1967,Purple Grenadier,10.80269058
1968,Purple Heron,17.82511211
1969,Purple Honeycreeper,8.677130045
1970,Purple Martin,23.35874439
1971,Purple Roller,40.74887892
1972,Purple Sandpiper,33.87443946
1973,Purple Starling,11.48878924
1974,Purple Sunbird,21.24663677
1975,Purple Swamphen,26.80269058
1976,Pygmy Cormorant,7.098654709
1977,Pygmy Eagle,9.587443946
1978,Pygmy Nightjar,3.932735426
1979,Pygmy Nuthatch,12.07174888
1980,Pyrrhuloxia,10.60986547
1981,Radde's Warbler,2.01793722
1982,Radjah Shelduck,5.219730942
1983,Raggiana Bird-of-paradise,5.399103139
1984,Rain Quail,22.33183857
1985,Rainbow Bee-eater,6.856502242
1986,Rainbow Lorikeet,50.64573991
1987,Rainbow Pitta,8.210762332
1988,Rainbow Starfrontlet,2.739910314
1989,Razorbill,19.65022422
1990,Red-and-green Macaw,8.430493274
1991,Red-and-yellow Barbet,4.641255605
1992,Red-backed Shrike,4.964125561
1993,Red-bellied Woodpecker,21.32286996
1994,Red-billed Blue Magpie,4.251121076
1995,Red-billed Curassow,1.174887892
1996,Red-billed Hornbill,10.34977578
1997,Red-billed Leiothrix,6.632286996
1998,Red-billed Oxpecker,5.32735426
1999,Red-billed Quelea,6.484304933
2000,Red-billed Streamertail,4.713004484
2001,Red-billed Tropicbird,7.304932735
2002,Red-breasted Chat,2.255605381
2003,Red-breasted Flycatcher,5.843049327
2004,Red-breasted Goose,6.538116592
2005,Red-breasted Merganser,15.25112108
2006,Red-breasted Nuthatch,5.66367713
2007,Red-breasted Parakeet,2.69058296
2008,Red-breasted Sapsucker,3.820627803
2009,Red-browed Finch,3.726457399
2010,Red-capped Manakin,5.210762332
2011,Red-cheeked Cordon-bleu,5.417040359
2012,Red-cockaded Woodpecker,10.80269058
2013,Red-collared Woodpecker,2.533632287
2014,Red-crested Cardinal,8.076233184
2015,Red-crested Pochard,8.291479821
2016,Red-crested Turaco,2.511210762
2017,Red-crowned Amazon,2.197309417
2018,Red-crowned Crane,14.0941704
2019,Red-eyed Vireo,8.484304933
2020,Red-footed Booby,9.228699552
2021,Red-footed Falcon,1.002242152
2022,Red-fronted Macaw,5.170403587
2023,Red-headed Barbet,6.376681614
2024,Red-headed Falcon,3.134529148
2025,Red-headed Finch,5.834080717
2026,Red-headed Lovebird,4.098654709
2027,Red-headed Vulture,3.869955157
2028,Red-headed Woodpecker,9.739910314
2029,Red-knobbed Coot,2.542600897
2030,Red-legged Honeycreeper,3.883408072
2031,Red-legged Kittiwake,2.30044843
2032,Red-legged Partridge,8.551569507
2033,Red-legged Seriema,2.484304933
2034,Red-lored Amazon,5.892376682
2035,Red-naped Ibis,8.322869955
2036,Red-naped Sapsucker,8.677130045
2037,Red-necked Buzzard,1.820627803
2038,Red-necked Grebe,6.659192825
2039,Red-necked Phalarope,4.748878924
2040,Red-necked Stint,3.780269058
2041,Red-rumped Parrot,7.843049327
2042,Red-rumped Swallow,9.022421525
2043,Red-shouldered Blackbird,1.542600897
2044,Red-shouldered Hawk,13.86995516
2045,Red-tailed Hawk,18.89686099
2046,Red-tailed Laughingthrush,1.766816143
2047,Red-tailed Shrike,1.542600897
2048,Red-tailed Tropicbird,2.466367713
2049,Red-tailed Wheatear,1.089686099
2050,Red-throated Caracara,1.865470852
2051,Red-throated Loon,5.582959641
2052,Red-throated Pipit,6.094170404
2053,Red-throated Twinspot,0.932735426
2054,Red-vented Bulbul,11.31838565
2055,Red-wattled Lapwing,3.179372197
2056,Red-whiskered Bulbul,15.30941704
2057,Red-winged Blackbird,12.39461883
2058,Red-winged Parrot,2.6367713
2059,Red-winged Starling,6.443946188
2060,Red Avadavat,10.42152466
2061,Red Crossbill,16.77578475
2062,Red Fody,8.766816143
2063,Red Goshawk,21.73991031
2064,Red Junglefowl,12.71748879
2065,Red Kite,61.94618834
2066,Red Knot,42.33183857
2067,Red Lark,27.99103139
2068,Red Lory,28.18834081
2069,Red Phalarope,8.278026906
2070,Red Siskin,31.79372197
2071,Red Spurfowl,14.44394619
2072,Red Tanager,10.77578475
2073,Red Warbler,19.67264574
2074,Red Wattlebird,20.16143498
2075,Red Weaver,50.95067265
2076,Reddish Egret,23.1793722
2077,Redhead,57.38116592
2078,Redpoll,27.59192825
2079,Redthroat,3.856502242
2080,Redwing,61.86995516
2081,Reed Bunting,24.80269058
2082,Regal Sunbird,3.721973094
2083,Regent Bowerbird,14.03587444
2084,Regent Honeyeater,16.19730942
2085,Regent Parrot,24.08520179
2086,Resplendent Quetzal,19.62780269
2087,Restless Flycatcher,11.12107623
2088,Rhinoceros Auklet,9.493273543
2089,Rhinoceros Hornbill,18.04484305
2090,Ribbon-tailed Astrapia,7.403587444
2091,Richard's Pipit,5.730941704
2092,Rifleman,64.3632287
2093,Rimatara Lorikeet,1.421524664
2094,Ring-billed Gull,7.156950673
2095,Ring-necked Dove,6.511210762
2096,Ring-necked Duck,8.6367713
2097,Ring Ouzel,18.95515695
2098,Ringed Kingfisher,10.75336323
2099,Ringed Teal,11.70403587
2100,River Lapwing,4.892376682
2101,River Tern,30.25112108
2102,River Warbler,6.614349776
2103,Riverside Wren,8.69058296
2104,Roadside Hawk,12.02690583
2105,Rock Bunting,13.30493274
2106,Rock Dove,51.64125561
2107,Rock Parrot,30.8206278
2108,Rock Partridge,29.0044843
2109,Rock Pipit,17.94618834
2110,Rock Ptarmigan,13.05381166
2111,Rock Sandpiper,16.81165919
2112,Rock Shag,17.5470852
2113,Rock Sparrow,17.4529148
2114,Rock Wren,11.35874439
2115,Rockrunner,21.02242152
2116,Rockwarbler,3.098654709
2117,Rook,44.28251121
2118,Rose-breasted Grosbeak,11.07847534
2119,Rose-ringed Parakeet,13.06726457
2120,Rose Robin,30.78026906
2121,Roseate Spoonbill,23.86995516
2122,Roseate Tern,11.88789238
2123,Rosy-faced Lovebird,11.0896861
2124,Rosy Starling,8.174887892
2125,Rough-faced Shag,2.632286996
2126,Rough-legged Buzzard,5.013452915
2127,Royal Cinclodes,2.358744395
2128,Royal Penguin,31.73991031
2129,Royal Spoonbill,6.394618834
2130,Royal Tern,25.74887892
2131,Ruby-cheeked Sunbird,4.286995516
2132,Ruby-crowned Kinglet,10.83408072
2133,Ruby-throated Hummingbird,17.74439462
2134,Ruddy Duck,48.39910314
2135,Ruddy Kingfisher,4.811659193
2136,Ruddy Pigeon,3.896860987
2137,Ruddy Shelduck,17.67713004
2138,Ruddy Turnstone,20.13901345
2139,Ruff,40.75784753
2140,Ruffed Grouse,26.18834081
2141,Rufous-bellied Niltava,6.295964126
2142,Rufous-bellied Thrush,7.560538117
2143,Rufous-headed Hornbill,4.825112108
2144,Rufous-legged Owl,8.515695067
2145,Rufous-necked Hornbill,3.66367713
2146,Rufous-necked Wood-rail,0.775784753
2147,Rufous-tailed Hummingbird,1.856502242
2148,Rufous-tailed Robin,3.820627803
2149,Rufous Babbler,6.793721973
2150,Rufous Bristlebird,3.269058296
2151,Rufous Fantail,6.887892377
2152,Rufous Flycatcher,11.21973094
2153,Rufous Hornero,12.13452915
2154,Rufous Hummingbird,11.55605381
2155,Rufous Motmot,5.533632287
2156,Rufous Nightjar,2.538116592
2157,Rufous Owl,8.192825112
2158,Rufous Potoo,3.255605381
2159,Rufous Sibia,7.560538117
2160,Rufous Songlark,7.228699552
2161,Rufous Treepie,20.16591928
2162,Rufous Whistler,11.37219731
2163,Rufous Woodpecker,7.349775785
2164,Rufous Wren,9.466367713
2165,Russet Sparrow,6.820627803
2166,Rustic Bunting,15.88789238
2167,Rusty Blackbird,25.44394619
2168,Rusty Sparrow,10.68161435
2169,Sabine's Gull,7.955156951
2170,Sabota Lark,1.434977578
2171,Sacred Kingfisher,10.48430493
2172,Sad Flycatcher,3.170403587
2173,Saddlebill,5.762331839
2174,Saffron Finch,17.37219731
2175,Saffron Toucanet,3.224215247
2176,Sage Grouse,27.68609865
2177,Sage Thrasher,9.076233184
2178,Sagebrush Sparrow,9.260089686
2179,Saker Falcon,19.70852018
2180,Salmon-crested Cockatoo,8.704035874
2181,Saltmarsh Sparrow,7.901345291
2182,San Lucas Robin,8.161434978
2183,Sand Lark,7.376681614
2184,Sanderling,32.25560538
2185,Sandwich Tern,21.01345291
2186,Santa Marta Parakeet,2.708520179
2187,Sapayoa,3.161434978
2188,Satin Bowerbird,18.367713
2189,Satin Flycatcher,2.713004484
2190,Satyr Tragopan,16.05829596
2191,Savanna Hawk,10.44843049
2192,Savanna Nightjar,5.964125561
2193,Savannah Sparrow,19.55156951
2194,Savi's Warbler,2.192825112
2195,Saxaul Sparrow,5.677130045
2196,Say's Phoebe,30.96860987
2197,Scaled Quail,12.41255605
2198,Scaly-breasted Munia,6.547085202
2199,Scaly Thrush,21.65022422
2200,Scarlet-backed Flowerpecker,9.304932735
2201,Scarlet-headed Flowerpecker,1.865470852
2202,Scarlet Finch,14.78026906
2203,Scarlet Ibis,29.0941704
2204,Scarlet Macaw,27.13901345
2205,Scarlet Minivet,16.74439462
2206,Scarlet Myzomela,5.206278027
2207,Scarlet Robin,30.53363229
2208,Scarlet Tanager,8.923766816
2209,Scissor-tailed Flycatcher,9.66367713
2210,Scott's Oriole,5.950672646
2211,Scottish Crossbill,4.941704036
2212,Screaming Cowbird,2.825112108
2213,Screaming Piha,9.304932735
2214,Scrubtit,2.950672646
2215,Seaside Sparrow,11.17040359
2216,Secretarybird,7.515695067
2217,Sedge Warbler,13.96860987
2218,Sedge Wren,12.32286996
2219,Semipalmated Plover,16.30493274
2220,Semipalmated Sandpiper,20.22421525
2221,Senegal Parrot,25.80269058
2222,Seven-colored Tanager,0.838565022
2223,Seychelles Kestrel,3.403587444
2224,Seychelles Parrot,9.116591928
2225,Seychelles Warbler,4.641255605
2226,Sharp-shinned Hawk,14.12107623
2227,Sharp-tailed Grouse,10.7309417
2228,Sharp-tailed Sandpiper,8.067264574
2229,Sharpbill,12.15695067
2230,Shikra,32.85201794
2231,Shining Honeycreeper,1.843049327
2232,Shiny Cowbird,7.67264574
2233,Shoebill,10.10762332
2234,Shore Plover,10.65470852
2235,Short-billed Dowitcher,6.035874439
2236,Short-eared Owl,12.78026906
2237,Short-tailed Albatross,7.986547085
2238,Short-tailed Parrot,1.130044843
2239,Short-tailed Shearwater,5.399103139
2240,Shy Albatross,4.856502242
2241,Siamese Fireback,9.044843049
2242,Siberian Accentor,1.573991031
2243,Siberian Blue Robin,8.64573991
2244,Siberian Chiffchaff,11.71300448
2245,Siberian Crane,27.80717489
2246,Siberian Jay,14.91928251
2247,Siberian Rubythroat,8.856502242
2248,Siberian Thrush,5.291479821
2249,Siberian Tit,5.367713004
2250,Sichuan Partridge,3.609865471
2251,Sickle-billed Vanga,2.147982063
2252,Sierra Madre Ground-warbler,0.551569507
2253,Silver-backed Tanager,0.995515695
2254,Silver-breasted Broadbill,5.69058296
2255,Silver-eared Mesia,2.784753363
2256,Silver Gull,28.08520179
2257,Silver Oriole,11.69506726
2258,Silver Pheasant,32.37219731
2259,Silver Teal,44.30941704
2260,Silverbird,41.46188341
2261,Silvereye,26.20627803
2262,Silvery Pigeon,3.587443946
2263,Sinai Rosefinch,5.677130045
2264,Sinaloa Martin,16.71300448
2265,Sinaloa Wren,4.031390135
2266,Sind Sparrow,4.542600897
2267,Singing Honeyeater,14.71300448
2268,Singing Quail,19.29596413
2269,Singing Starling,6.896860987
2270,Sinu Parakeet,1.439461883
2271,Sira Barbet,1.067264574
2272,Sirkeer Malkoha,11.47533632
2273,Slaty-backed Gull,5.224215247
2274,Slaty-legged Crake,3.34529148
2275,Slaty Bristlefront,0.511210762
2276,Slaty Egret,2.031390135
2277,Slender-billed Curlew,1.19955157
2278,Slender-billed Vulture,4.798206278
2279,Small-billed Elaenia,2.282511211
2280,Small Minivet,10.57847534
2281,Smew,26.13452915
2282,Smoky Honeyeater,1.578475336
2283,Smoky Robin,19.51569507
2284,Smooth-billed Ani,3.264573991
2285,Snail Kite,11.30493274
2286,Snares Penguin,10.07174888
2287,Snoring Rail,5.291479821
2288,Snow-capped Manakin,0.6367713
2289,Snow Bunting,23.5470852
2290,Snow Goose,32.52466368
2291,Snow Partridge,21.41704036
2292,Snow Petrel,9.044843049
2293,Snow Pigeon,16.08520179
2294,Snowcap,37.91479821
2295,Snowy Egret,19.7309417
2296,Snowy Owl,36.22421525
2297,Snowy Plover,15.367713
2298,Snowy Sheathbill,6.816143498
2299,Sociable Lapwing,5.919282511
2300,Sociable Weaver,10.94618834
2301,Social Flycatcher,5.430493274
2302,Socorro Dove,9.022421525
2303,Socorro Mockingbird,1.995515695
2304,Socotra Cormorant,6.242152466
2305,Soft-plumaged Petrel,2.33632287
2306,Solitary Sandpiper,20.9058296
2307,Solitary Snipe,2.502242152
2308,Somali Ostrich,7.587443946
2309,Somali Pigeon,7.00896861
2310,Sombre Tit,2.542600897
2311,Song Parrot,30.00896861
2312,Song Sparrow,36.75336323
2313,Song Thrush,27.1793722
2314,Song Wren,20.76681614
2315,Sooty-headed Bulbul,6.502242152
2316,Sooty Albatross,8.340807175
2317,Sooty Falcon,8.349775785
2318,Sooty Grouse,21.07623318
2319,Sooty Gull,6.399103139
2320,Sooty Oystercatcher,6.278026906
2321,Sooty Shearwater,12.85650224
2322,Sooty Tern,14.10313901
2323,Sora,60.8161435
2324,South African Shelduck,2.618834081
2325,South African Swallow,7.515695067
2326,South Georgia Pipit,4.035874439
2327,South Island Kokako,4.067264574
2328,South Island Robin,15.53811659
2329,South Island Saddleback,1.188340807
2330,South Island Takahe,3.246636771
2331,South Polar Skua,7.614349776
2332,Southern Boobook,12.88789238
2333,Southern Boubou,3.892376682
2334,Southern Brown Kiwi,2.520179372
2335,Southern Caracara,11.72197309
2336,Southern Carmine Bee-eater,11.18834081
2337,Southern Cassowary,15.2690583
2338,Southern Fulmar,3.493273543
2339,Southern Giant Petrel,7.896860987
2340,Southern Ground-hornbill,1.97309417
2341,Southern Lapwing,10.29596413
2342,Southern Martin,37.69506726
2343,Southern Masked Weaver,4.677130045
2344,Southern Mealy Amazon,2.076233184
2345,Southern Red Bishop,10.05829596
2346,Southern Rockhopper Penguin,23.02242152
2347,Southern Royal Albatross,9.515695067
2348,Southern Screamer,7.022421525
2349,Southern Swift,37.50224215
2350,Southern White-faced Owl,8.34529148
2351,Southern Yellow-billed Hornbill,11.62331839
2352,Spangled Coquette,2.883408072
2353,Spangled Cotinga,4.883408072
2354,Spangled Drongo,11.69058296
2355,Spanish Imperial Eagle,12.40358744
2356,Spanish Sparrow,21.95067265
2357,Speckled Hummingbird,7.941704036
2358,Speckled Mousebird,6.748878924
2359,Speckled Pigeon,10.73991031
2360,Speckled Tanager,4.112107623
2361,Speckled Warbler,5.165919283
2362,Spectacled Eider,13.05829596
2363,Spectacled Flowerpecker,1.802690583
2364,Spectacled Owl,13.81165919
2365,Spectacled Parrotlet,4.475336323
2366,Spectacled Tyrant,4.219730942
2367,Spectacled Weaver,2.260089686
2368,Spinifex Pigeon,11.69058296
2369,Spix's Macaw,6.403587444
2370,Splendid Fairy-wren,3.511210762
2371,Splendid Sunbird,2.618834081
2372,Spoon-billed Sandpiper,10.52466368
2373,Spot-bellied Eagle-owl,6.807174888
2374,Spot-billed Pelican,4.264573991
2375,Spotless Crake,4.260089686
2376,Spotless Starling,6.143497758
2377,Spotted Buttonquail,1.816143498
2378,Spotted Crake,9.107623318
2379,Spotted Eagle-owl,8
2380,Spotted Flycatcher,18.17040359
2381,Spotted Harrier,5.793721973
2382,Spotted Kingfisher,11.17488789
2383,Spotted Owl,23.81165919
2384,Spotted Owlet,16.08071749
2385,Spotted Pardalote,12.69506726
2386,Spotted Rail,14.88340807
2387,Spotted Redshank,15.31838565
2388,Spotted Sandpiper,18.28251121
2389,Spotted Shag,1.748878924
2390,Spotted Tanager,3.784753363
2391,Spotted Thick-knee,4.789237668
2392,Spotted Towhee,18.64125561
2393,Spotted Wren,4.99103139
2394,Spruce Grouse,25.60986547
2395,Spur-winged Goose,10.03587444
2396,Spur-winged Lapwing,2.390134529
2397,Squacco Heron,7.6367713
2398,Squatter Pigeon,5.591928251
2399,Sri Lanka Blue Magpie,3.905829596
2400,Sri Lanka Frogmouth,7.538116592
2401,Sri Lanka Junglefowl,10.13452915
2402,St Lucia Amazon,25.66367713
2403,St Vincent Amazon,25.26008969
2404,Standard-winged Nightjar,2.242152466
2405,Standardwing Bird-of-paradise,1.524663677
2406,Star Finch,19.52914798
2407,Steller's Eider,3.995515695
2408,Steller's Jay,17.11210762
2409,Steppe Eagle,26.73542601
2410,Stewart Shag,14.98206278
2411,Stilt Sandpiper,17.71300448
2412,Stitchbird,12.28251121
2413,Stock Dove,27.24215247
2414,Stone Partridge,10.52914798
2415,Stork-billed Kingfisher,11.367713
2416,Strange-tailed Tyrant,1.470852018
2417,Strange Weaver,15.9058296
2418,Straw-headed Bulbul,3.493273543
2419,Straw-necked Ibis,6.587443946
2420,Streak-backed Oriole,2.040358744
2421,Streak-eared Bulbul,4.426008969
2422,Streak-throated Swallow,3.529147982
2423,Streaked Bulbul,1.860986547
2424,Streaked Laughingthrush,9.632286996
2425,Streaked Spiderhunter,7.022421525
2426,Streaked Weaver,7.69058296
2427,Striated Caracara,6
2428,Striated Grassbird,4.97309417
2429,Striated Pardalote,13.57847534
2430,Striped Crake,1.565022422
2431,Striped Cuckoo,13.6367713
2432,Striped Kingfisher,6.035874439
2433,Striped Owl,20.01345291
2434,Striped Sparrow,14.40807175
2435,Striped Woodpecker,7.807174888
2436,Stubble Quail,6.31838565
2437,Stygian Owl,3.219730942
2438,Sulawesi Pitta,4.443946188
2439,Sulphur-bellied Warbler,2.004484305
2440,Sulphur-breasted Warbler,2.399103139
2441,Sulphur-crested Cockatoo,17.0044843
2442,Sultan Tit,8.829596413
2443,Sulu Hornbill,5.00896861
2444,Sumatran Ground-cuckoo,1.66367713
2445,Sumba Hornbill,1.461883408
2446,Summer Tanager,12.94618834
2447,Sun Lark,16.50224215
2448,Sun Parakeet,26.55605381
2449,Sunbittern,14.98654709
2450,Sunda Blue Robin,9.273542601
2451,Sunda Frogmouth,1.147982063
2452,Sunda Thrush,5.977578475
2453,Sungrebe,3.417040359
2454,Superb Fairy-wren,5.573991031
2455,Superb Lyrebird,9.950672646
2456,Superb Parrot,15.48878924
2457,Superb Starling,9.869955157
2458,Surf Scoter,27.50672646
2459,Surfbird,19.78923767
2460,Swainson's Hawk,12.27802691
2461,Swainson's Thrush,10.47533632
2462,Swainson's Warbler,2.64573991
2463,Swallow-tailed Gull,3.98206278
2464,Swallow-tailed Kite,13.66816143
2465,Swallow Flycatcher,9.744394619
2466,Swallow Tanager,7.650224215
2467,Swamp Flycatcher,4.246636771
2468,Swamp Francolin,2.632286996
2469,Swamp Harrier,2.874439462
2470,Swamp Sparrow,21.99103139
2471,Swan Goose,50.15246637
2472,Swift Parrot,19.0044843
2473,Sword-billed Hummingbird,5.34529148
2474,Syrian Serin,3.98206278
2475,Syrian Woodpecker,4.237668161
2476,Tacazze Sunbird,4.977578475
2477,Tachira Antpitta,1.331838565
2478,Tahiti Monarch,6.01793722
2479,Tahiti Petrel,3.260089686
2480,Taita Falcon,12.29147982
2481,Taiwan Barbet,6.286995516
2482,Taiwan Blue Magpie,9.928251121
2483,Taiwan Partridge,2.291479821
2484,Tamaulipas Crow,2.753363229
2485,Tanager Finch,9.735426009
2486,Tanimbar Corella,5.520179372
2487,Taveta Golden Weaver,2.950672646
2488,Tawny-flanked Prinia,3.013452915
2489,Tawny Eagle,21.94618834
2490,Tawny Frogmouth,31.67264574
2491,Tawny Owl,29.56950673
2492,Tawny Pipit,9.905829596
2493,Temminck's Stint,4.156950673
2494,Tennessee Warbler,15.60986547
2495,Terek Sandpiper,8.596412556
2496,Thick-billed Kingbird,2.067264574
2497,Thick-billed Longspur,2.251121076
2498,Thick-billed Murre,5.170403587
2499,Thick-billed Parrot,6.843049327
2500,Thick-billed Warbler,2.905829596
2501,Three-wattled Bellbird,8.381165919
2502,Thrush Nightingale,17.74887892
2503,Tibetan Blackbird,2.197309417
2504,Tibetan Bunting,6.291479821
2505,Tibetan Partridge,1.520179372
2506,Tibetan Snowcock,2.695067265
2507,Tiger Shrike,5.708520179
2508,Timneh Parrot,19.50672646
2509,Tinian Monarch,2.744394619
2510,Tiny Hawk,23.88340807
2511,Toco Toucan,17.57399103
2512,Togian White-eye,1.6367713
2513,Tooth-billed Pigeon,3.905829596
2514,Topknot Pigeon,7.488789238
2515,Torrent Duck,18.35426009
2516,Torresian Crow,5.735426009
2517,Toucan Barbet,3.97309417
2518,Townsend's Warbler,6.798206278
2519,Tree Martin,37.95964126
2520,Tree Pipit,16.00896861
2521,Tree Swallow,24.17488789
2522,Tricolored Blackbird,6.677130045
2523,Tricolored Heron,11.12107623
2524,Tricoloured Munia,8.578475336
2525,Trindade Petrel,2.376681614
2526,Trinidad Motmot,4.914798206
2527,Tristan Albatross,10.30044843
2528,Tristan Thrush,5.941704036
2529,Tropical Kingbird,14.43946188
2530,Tropical Mockingbird,11.56950673
2531,Tropical Parula,4.955156951
2532,Trumpet Manucode,6.905829596
2533,Trumpeter Finch,3.605381166
2534,Trumpeter Hornbill,11.84304933
2535,Trumpeter Swan,27.83856502
2536,Tuamotu Kingfisher,3.206278027
2537,Tucuman Amazon,10.16591928
2538,Tufted Coquette,6.35426009
2539,Tufted Duck,23.93721973
2540,Tufted Flycatcher,10.67264574
2541,Tufted Jay,14.04932735
2542,Tufted Puffin,13.94170404
2543,Tufted Titmouse,27.13452915
2544,Tui,43.80717489
2545,Tundra Swan,26.79372197
2546,Turkey Vulture,45.08071749
2547,Turquoise-browed Motmot,4.869955157
2548,Turquoise-fronted Amazon,8.31838565
2549,Turquoise Jay,22.14349776
2550,Turquoise Parrot,29.65022422
2551,Turquoise Tanager,5
2552,Twite,35.03139013
2553,Two-barred Warbler,3.233183857
2554,Ultramarine Flycatcher,14.33183857
2555,Ultramarine Grosbeak,4.847533632
2556,Ultramarine Lorikeet,5
2557,Upcher's Warbler,1.32735426
2558,Upland Buzzard,2.843049327
2559,Upland Goose,12.29596413
2560,Upland Sandpiper,11.0044843
2561,Ural Owl,16.17488789
2562,Usambara Hyliota,1.64573991
2563,Variable Hawk,9.376681614
2564,Variable Sunbird,4.103139013
2565,Variable Wheatear,9.847533632
2566,Varied Bunting,6.68161435
2567,Varied Thrush,14.99103139
2568,Varied Tit,7.385650224
2569,Variegated Flycatcher,2.170403587
2570,Vasa Parrot,9.152466368
2571,Veery,13.65022422
2572,Vegetarian Finch,7.412556054
2573,Velvet Scoter,14.25560538
2574,Venezuelan Troupial,3.273542601
2575,Verdin,34.60986547
2576,Verditer Flycatcher,10.53811659
2577,Vermilion Cardinal,14.9103139
2578,Vervain Hummingbird,3.847533632
2579,Vesper Sparrow,13.42600897
2580,Victoria's Riflebird,3.376681614
2581,Vilcabamba Inca,15.05381166
2582,Village Weaver,15.65470852
2583,Vinaceous Rosefinch,1.67264574
2584,Violaceous Euphonia,2.461883408
2585,Violaceous Trogon,3.044843049
2586,Violet-backed Starling,5.928251121
2587,Violet-green Swallow,5.618834081
2588,Violet Crow,6.152466368
2589,Violet Cuckoo,4.757847534
2590,Violet Sabrewing,8.053811659
2591,Violet Turaco,11.52466368
2592,Virginia Rail,26.59641256
2593,Visayan Hornbill,6.591928251
2594,Vogelkop Bowerbird,12.16591928
2595,Volcano Hummingbird,7.735426009
2596,Vulturine Guineafowl,7.937219731
2597,Vulturine Parrot,4.376681614
2598,Wallcreeper,23.75336323
2599,Wandering Albatross,10.35426009
2600,Wandering Tattler,11.71300448
2601,Warbling Vireo,12.70852018
2602,Warsangli Linnet,2.6367713
2603,Water Pipit,14.367713
2604,Watercock,8.64573991
2605,Waterfall Swift,13.47085202
2606,Wattled Crane,9.197309417
2607,Wattled Curassow,2.659192825
2608,Wattled Jacana,3.286995516
2609,Wattled Lapwing,19.06278027
2610,Wattled Starling,3.260089686
2611,Waved Albatross,16.88340807
2612,Wedge-rumped Storm-petrel,1.434977578
2613,Wedge-tailed Eagle,13.49327354
2614,Wedge-tailed Shearwater,6.793721973
2615,Weebill,13.26681614
2616,Weka,50.12556054
2617,Welcome Swallow,28
2618,Western Bluebird,22.70403587
2619,Western Capercaillie,6.085201794
2620,Western Grebe,14.11210762
2621,Western Gull,14.08071749
2622,Western Kingbird,20.19282511
2623,Western Koel,6.511210762
2624,Western Meadowlark,18.28699552
2625,Western Mountaineer,18.77130045
2626,Western Parotia,7.713004484
2627,Western Rosella,8.372197309
2628,Western Sandpiper,12.40807175
2629,Western Screech-owl,3.121076233
2630,Western Spindalis,3.372197309
2631,Western Spinebill,4.874439462
2632,Western Tanager,13.08071749
2633,Western Tragopan,14.96860987
2634,Western Wattlebird,3.515695067
2635,Western Whipbird,2.475336323
2636,Western Wood-pewee,4.210762332
2637,Western Yellow Robin,4.618834081
2638,Western Yellow Wagtail,8.448430493
2639,Whimbrel,40.18834081
2640,Whinchat,32.78026906
2641,Whiskered Auklet,2.569506726
2642,Whiskered Pitta,2.452914798
2643,Whiskered Screech-owl,2.843049327
2644,Whiskered Tern,6.784753363
2645,Whiskered Treeswift,8.591928251
2646,Whistling Heron,8.121076233
2647,Whistling Kite,34.21076233
2648,White's Thrush,1.905829596
2649,White-backed Vulture,7.089686099
2650,White-bellied Drongo,1.264573991
2651,White-bellied Go-away-bird,3.68161435
2652,White-bellied Heron,10.95067265
2653,White-bellied Kingfisher,4.986547085
2654,White-bellied Sea-eagle,7.381165919
2655,White-breasted Nuthatch,12.95515695
2656,White-breasted Waterhen,7.896860987
2657,White-browed Tit-warbler,1.98206278
2658,White-browed Wagtail,5.412556054
2659,White-cheeked Barbet,5.076233184
2660,White-cheeked Starling,6.932735426
2661,White-chinned Petrel,2.695067265
2662,White-collared Swift,1.883408072
2663,White-crested Elaenia,1.156950673
2664,White-crowned Pigeon,4.618834081
2665,White-crowned Sparrow,14.22869955
2666,White-eared Bulbul,2.448430493
2667,White-eared Hummingbird,2.641255605
2668,White-eyed River Martin,1.421524664
2669,White-eyed Vireo,7.735426009
2670,White-faced Heron,6.426008969
2671,White-faced Ibis,5.811659193
2672,White-fronted Falconet,1.417040359
2673,White-headed Duck,4.399103139
2674,White-necked Jacobin,1.753363229
2675,White-necked Raven,4.376681614
2676,White-rumped Sandpiper,3.251121076
2677,White-rumped Seedeater,4.30044843
2678,White-rumped Shama,8.591928251
2679,White-rumped Swift,5.358744395
2680,White-rumped Vulture,3.721973094
2681,White-shouldered Ibis,1.650224215
2682,White-spectacled Bulbul,5.32735426
2683,White-tailed Hawk,8.793721973
2684,White-tailed Kite,9.986547085
2685,White-tailed Lapwing,1.69955157
2686,White-tailed Ptarmigan,4.278026906
2687,White-tailed Tropicbird,6.726457399
2688,White-throated Bee-eater,3.874439462
2689,White-throated Dipper,2.488789238
2690,White-throated Fantail,9.291479821
2691,White-throated Kingfisher,8.170403587
2692,White-throated Needletail,3.412556054
2693,White-throated Rail,1.02690583
2694,White-throated Robin,3.3632287
2695,White-throated Sparrow,9.829596413
2696,White-throated Swallow,1.838565022
2697,White-throated Thrush,5.058295964
2698,White-winged Chough,7.97309417
2699,White-winged Dove,7.35426009
2700,White-winged Flufftail,4.919282511
2701,White-winged Parakeet,1.542600897
2702,White-winged Scoter,7.161434978
2703,White-winged Tern,4.228699552
2704,White Bellbird,2.387892377
2705,White Cockatoo,5.587443946
2706,White Hawk,65.84304933
2707,White Ibis,43.77130045
2708,White Stork,31.76681614
2709,White Wagtail,18.20627803
2710,White Woodpecker,26.24215247
2711,Whitehead,38.05381166
2712,Whooper Swan,24.69955157
2713,Whooping Crane,23.60089686
2714,Wild Turkey,38.76681614
2715,Willet,22.92376682
2716,Willie Wagtail,16.04932735
2717,Willow Flycatcher,15.75336323
2718,Willow Grouse,17.5426009
2719,Willow Tit,32.21524664
2720,Willow Warbler,19.7264574
2721,Wilson's Phalarope,4.798206278
2722,Wilson's Plover,4.399103139
2723,Wilson's Snipe,10.18834081
2724,Wilson's Warbler,9.004484305
2725,Wine-throated Hummingbird,2.64573991
2726,Winter Wren,23.8161435
2727,Wonga Pigeon,9.143497758
2728,Wood Duck,47.17040359
2729,Wood Sandpiper,22.67264574
2730,Wood Snipe,12.39013453
2731,Wood Stork,19.61434978
2732,Wood Thrush,24.01345291
2733,Wood Warbler,7.659192825
2734,Woodchat Shrike,5.520179372
2735,Woodland Kingfisher,18.21973094
2736,Woodlark,47.18834081
2737,Woodpecker Finch,23.57399103
2738,Worm-eating Warbler,5.497757848
2739,Wreathed Hornbill,5.614349776
2740,Wrentit,13.83856502
2741,Wrinkled Hornbill,7.031390135
2742,Wrybill,6.448430493
2743,Yelkouan Shearwater,7.739910314
2744,Yellow-bellied Flycatcher,10.91479821
2745,Yellow-bellied Sapsucker,9.883408072
2746,Yellow-bibbed Lory,5.641255605
2747,Yellow-billed Cardinal,2.748878924
2748,Yellow-billed Cuckoo,11.41255605
2749,Yellow-billed Kite,3.31838565
2750,Yellow-billed Loon,4.251121076
2751,Yellow-billed Magpie,5.67264574
2752,Yellow-billed Oxpecker,2.560538117
2753,Yellow-billed Stork,4.865470852
2754,Yellow-breasted Bunting,3.269058296
2755,Yellow-breasted Chat,4.224215247
2756,Yellow-browed Bunting,1.511210762
2757,Yellow-browed Warbler,4.910313901
2758,Yellow-chevroned Parakeet,2.35426009
2759,Yellow-collared Lovebird,9.197309417
2760,Yellow-crested Cockatoo,5.322869955
2761,Yellow-crowned Amazon,3.892376682
2762,Yellow-crowned Bishop,4.542600897
2763,Yellow-crowned Night-heron,6.197309417
2764,Yellow-eared Parrot,3.784753363
2765,Yellow-eyed Penguin,6.255605381
2766,Yellow-faced Grassquit,1.264573991
2767,Yellow-faced Honeyeater,3.022421525
2768,Yellow-green Finch,0.744394619
2769,Yellow-headed Amazon,6.282511211
2770,Yellow-headed Blackbird,4.569506726
2771,Yellow-legged Buttonquail,0.762331839
2772,Yellow-legged Gull,9.641255605
2773,Yellow-naped Amazon,11.6367713
2774,Yellow-rumped Honeyguide,2.269058296
2775,Yellow-throated Bunting,1.286995516
2776,Yellow-throated Vireo,9.542600897
2777,Yellow-throated Warbler,6.206278027
2778,Yellow-vented Bulbul,9.282511211
2779,Yellow-wattled Lapwing,3.852017937
2780,Yellow-winged Blackbird,1.919282511
2781,Yellow-winged Cacique,3.165919283
2782,Yellow Bishop,23.49775785
2783,Yellow Bittern,8.686098655
2784,Yellow Bunting,25.64573991
2785,Yellow Canary,63.68609865
2786,Yellow Cardinal,10.24663677
2787,Yellow Chat,28.5470852
2788,Yellow Grosbeak,10.7264574
2789,Yellow Honeyeater,11.69058296
2790,Yellow Oriole,10.88789238
2791,Yellow Rail,21.34977578
2792,Yellow Thornbill,7.744394619
2793,Yellow Tit,24.03139013
2794,Yellow Wattlebird,7.838565022
2795,Yellowhammer,8.233183857
2796,Yellowhead,45.69058296
2797,Yucatan Jay,12.56502242
2798,Yunnan Nuthatch,2.349775785
2799,Zambian Barbet,2.269058296
2800,Zapata Rail,4.33632287
2801,Zebra Dove,32.32735426
2802,Zenaida Dove,8.910313901
2803,Zigzag Heron,1.739910314
2804,Zino's Petrel,3.139013453
2805,Zitting Cisticola,11.98654709
2806,Zone-tailed Hawk,5.520179372
2807,Eurasian Griffon,5.30941704
2808,Ruppell's Griffon,2.201793722
2809,White-backed Vulture,6.968609865
