,keyword,en_count,en_mean
1,Abbott's Booby,1072,4.81
2,Abyssinian Roller,1509,6.77
3,Acadian Flycatcher,1703,7.64
4,Acorn Woodpecker,5254,23.56
5,Adelie Penguin,6626,29.71
6,African Black Duck,3382,15.17
7,African Blue Tit,938,4.21
8,African Comb Duck,466,2.09
9,African Crake,1298,5.82
10,African Cuckoo,697,3.13
11,African Darter,1413,6.34
12,African Emerald Cuckoo,2495,11.19
13,African Finfoot,952,4.27
14,African Goshawk,730,3.27
15,African Grey Hornbill,2492,11.17
16,African Hobby,4816,21.60
17,African Jacana,2898,13.00
18,African Openbill,1141,5.12
19,African Penguin,7317,32.81
20,African Pied Starling,473,2.12
21,African Pied Wagtail,1580,7.09
22,African Pipit,1814,8.13
23,African Pitta,1248,5.60
24,African Rail,5663,25.39
25,African River Martin,991,4.44
26,African Sacred Ibis,3735,16.75
27,African Silverbill,2054,9.21
28,African Skimmer,1016,4.56
29,African Spoonbill,1543,6.92
30,African Swift,6683,29.97
31,African Thrush,2437,10.93
32,Agami Heron,1769,7.93
33,Akekee,1810,8.12
34,Akiapolaau,1849,8.29
35,Akikiki,2576,11.55
36,Akohekohe,919,4.12
37,Alagoas Curassow,2134,9.57
38,Alder Flycatcher,2096,9.40
39,Aleutian Tern,1014,4.55
40,Alexandrine Parakeet,4525,20.29
41,Algerian Nuthatch,784,3.52
42,Allen's Hummingbird,1354,6.07
43,Alpine Accentor,1735,7.78
44,Alpine Swift,4902,21.98
45,Alpine Thrush,911,4.09
46,Altamira Oriole,1836,8.23
47,Amazilia Hummingbird,1176,5.27
48,Amazon Kingfisher,4954,22.22
49,Amazonian Royal Flycatcher,1343,6.02
50,Amazonian Umbrellabird,453,2.03
51,American Avocet,3286,14.74
52,American Bittern,6109,27.39
53,American Black Duck,4700,21.08
54,American Black Vulture,2184,9.79
55,American Bushtit,1060,4.75
56,American Coot,5776,25.90
57,American Crow,6372,28.57
58,American Dipper,4472,20.05
59,American Flamingo,4935,22.13
60,American Golden Plover,2887,12.95
61,American Goldfinch,5356,24.02
62,American Kestrel,6766,30.34
63,American Oystercatcher,4091,18.35
64,American Redstart,2361,10.59
65,American Robin,6969,31.25
66,American Tree Sparrow,4119,18.47
67,American White Pelican,2314,10.38
68,American Wigeon,4591,20.59
69,American Woodcock,7016,31.46
70,American Yellow Warbler,2871,12.87
71,Amethyst-throated Hummingbird,537,2.41
72,Amethyst-throated Sunangel,269,1.21
73,Amethyst Sunbird,1080,4.84
74,Amethyst Woodstar,1142,5.12
75,Amsterdam Albatross,2043,9.16
76,Amur Falcon,1113,4.99
77,Anambra Waxbill,599,2.69
78,Ancient Murrelet,1438,6.45
79,Andaman Teal,2201,9.87
80,Andean Avocet,616,2.76
81,Andean Cock-of-the-rock,1428,6.40
82,Andean Condor,6487,29.09
83,Andean Flamingo,1758,7.88
84,Andean Goose,1482,6.65
85,Andean Potoo,848,3.80
86,Andre's Swift,3468,15.55
87,Anhinga,6949,31.16
88,Anianiau,1196,5.36
89,Anna's Hummingbird,2865,12.85
90,Antarctic Petrel,2242,10.05
91,Antarctic Prion,655,2.94
92,Antarctic Tern,1631,7.31
93,Antillean Crested Hummingbird,1955,8.77
94,Antillean Nighthawk,586,2.63
95,Antipodean Albatross,1190,5.34
96,Apapane,2672,11.98
97,Aplomado Falcon,2574,11.54
98,Apostlebird,2489,11.16
99,Aquatic Warbler,1571,7.04
100,Arabian Babbler,1081,4.85
101,Arabian Bustard,685,3.07
102,Arabian Golden Sparrow,546,2.45
103,Araripe Manakin,1662,7.45
104,Arctic Jaeger,1359,6.09
105,Arctic Loon,1842,8.26
106,Arctic Tern,6544,29.35
107,Arctic Warbler,1339,6.00
108,Arizona Woodpecker,2992,13.42
109,Ascension Frigatebird,488,2.19
110,Ash-throated Flycatcher,1727,7.74
111,Ashy Drongo,4020,18.03
112,Ashy Minivet,755,3.39
113,Ashy Prinia,4984,22.35
114,Ashy Robin,1512,6.78
115,Ashy Storm-petrel,350,1.57
116,Ashy Tailorbird,2025,9.08
117,Asian Barred Owlet,3023,13.56
118,Asian Brown Flycatcher,2549,11.43
119,Asian Crested Ibis,910,4.08
120,Asian Dowitcher,475,2.13
121,Asian Emerald Cuckoo,2402,10.77
122,Asian Glossy Starling,3176,14.24
123,Asian Green Bee-eater,778,3.49
124,Asian Houbara,576,2.58
125,Asian House Martin,2209,9.91
126,Asian Openbill,2111,9.47
127,Asian Pied Starling,1591,7.13
128,Asian Stubtail,239,1.07
129,Asir Magpie,1093,4.90
130,Atlantic Petrel,1351,6.06
131,Atlantic Puffin,6239,27.98
132,Atlantic Royal Flycatcher,770,3.45
133,Atlantic Yellow-nosed Albatross,889,3.99
134,Auckland Rail,6713,30.10
135,Auckland Teal,2024,9.08
136,Audouin's Gull,969,4.35
137,Augur Buzzard,1558,6.99
138,Austral Parakeet,477,2.14
139,Australasian Bittern,334,1.50
140,Australasian Darter,2654,11.90
141,Australasian Figbird,2795,12.53
142,Australasian Gannet,1261,5.65
143,Australasian Grebe,1041,4.67
144,Australasian Pipit,2063,9.25
145,Australian Bustard,3173,14.23
146,Australian Hobby,3379,15.15
147,Australian Ibis,3080,13.81
148,Australian Magpie,8159,36.59
149,Australian Pelican,5145,23.07
150,Australian Raven,3644,16.34
151,Australian Ringneck,2206,9.89
152,Australian Shelduck,1058,4.74
153,Australian Swiftlet,777,3.48
154,Australian Zebra Finch,2034,9.12
155,Azores Bullfinch,740,3.32
156,Aztec Thrush,1154,5.17
157,Azure Jay,3583,16.07
158,Azure Kingfisher,3794,17.01
159,Azure Tit,1713,7.68
160,Bachman's Warbler,865,3.88
161,Baer's Pochard,998,4.48
162,Baglafecht Weaver,743,3.33
163,Bahama Mockingbird,1047,4.70
164,Bahama Nuthatch,593,2.66
165,Bahama Oriole,1880,8.43
166,Bahama Swallow,2039,9.14
167,Bahama Warbler,703,3.15
168,Baikal Teal,2604,11.68
169,Baillon's Crake,316,1.42
170,Baird's Sandpiper,1110,4.98
171,Bald Eagle,8638,38.74
172,Bald Parrot,3908,17.52
173,Balearic Shearwater,1879,8.43
174,Bali Myna,2165,9.71
175,Baltimore Oriole,2671,11.98
176,Bananaquit,3128,14.03
177,Band-bellied Crake,479,2.15
178,Band-rumped Storm-petrel,477,2.14
179,Band-tailed Manakin,232,1.04
180,Banded Bay Cuckoo,2137,9.58
181,Banded Broadbill,1802,8.08
182,Banded Cotinga,714,3.20
183,Banded Kingfisher,2644,11.86
184,Banded Lapwing,729,3.27
185,Banded Stilt,1255,5.63
186,Banded Woodpecker,1305,5.85
187,Banggai Crow,321,1.44
188,Bank Cormorant,1989,8.92
189,Bank Myna,1807,8.10
190,Bar-headed Goose,2675,12.00
191,Bar-tailed Godwit,2690,12.06
192,Bar-tailed Trogon,426,1.91
193,Bar-winged Prinia,490,2.20
194,Barau's Petrel,196,0.88
195,Barbados Bullfinch,1324,5.94
196,Barbary Partridge,1750,7.85
197,Barbuda Warbler,508,2.28
198,Bare-faced Bulbul,210,0.94
199,Bare-faced Curassow,323,1.45
200,Bare-throated Bellbird,504,2.26
201,Bare-throated Tiger-heron,392,1.76
202,Barking Owl,5405,24.24
203,Barn Swallow,6360,28.52
204,Barnacle Goose,9810,43.99
205,Barred Antshrike,1496,6.71
206,Barred Buttonquail,1136,5.09
207,Barred Dove,1721,7.72
208,Barred Eagle-owl,739,3.31
209,Barred Hawk,3641,16.33
210,Barred Owl,9354,41.95
211,Barred Parakeet,2557,11.47
212,Barrow's Goldeneye,2120,9.51
213,Basra Reed-warbler,276,1.24
214,Bassian Thrush,1779,7.98
215,Bat Falcon,1081,4.85
216,Bat Hawk,6426,28.82
217,Bateleur,9504,42.62
218,Bay-backed Shrike,652,2.92
219,Bay-breasted Warbler,1350,6.05
220,Bay-headed Tanager,677,3.04
221,Bay Woodpecker,3360,15.07
222,Bay Wren,4307,19.31
223,Baya Weaver,784.5,3.52
224,Beach Kingfisher,7100,31.84
225,Bean Goose,6676,29.94
226,Bearded Barbet,1765,7.91
227,Bearded Bellbird,1454,6.52
228,Bearded Reedling,1028,4.61
229,Bearded Vulture,2824,12.66
230,Beautiful Firetail,482,2.16
231,Beautiful Hummingbird,8669,38.87
232,Beautiful Jay,7211,32.34
233,Beautiful Woodpecker,1098,4.92
234,Beck's Petrel,201,0.90
235,Bee Hummingbird,2587,11.60
236,Bell's Vireo,1843,8.26
237,Bell Miner,1046,4.69
238,Belted Kingfisher,4380,19.64
239,Bengal Florican,2674,11.99
240,Bermuda Petrel,1429,6.41
241,Berylline Hummingbird,1183,5.30
242,Besra,4407,19.76
243,Bewick's Wren,1290,5.78
244,Bicknell's Thrush,1151,5.16
245,Bicolored Wren,1233,5.53
246,Bimaculated Lark,1998,8.96
247,Black-and-white Hawk-eagle,1005,4.51
248,Black-and-white Owl,1133,5.08
249,Black-and-white Warbler,1108,4.97
250,Black-backed Oriole,519,2.33
251,Black-backed Woodpecker,1334,5.98
252,Black-bellied Bustard,637,2.86
253,Black-bellied Storm-petrel,288,1.29
254,Black-bellied Whistling-duck,1442,6.47
255,Black-billed Cuckoo,957,4.29
256,Black-billed Magpie,1591,7.13
257,Black-billed Thrush,1376,6.17
258,Black-breasted Buzzard,609,2.73
259,Black-browed Albatross,1217,5.46
260,Black-browed Babbler,317,1.42
261,Black-capped Chickadee,2989,13.40
262,Black-capped Lory,522,2.34
263,Black-capped Petrel,594,2.66
264,Black-capped Vireo,1611,7.22
265,Black-casqued Hornbill,417,1.87
266,Black-cheeked Lovebird,815,3.65
267,Black-chinned Hummingbird,2380,10.67
268,Black-collared Barbet,372,1.67
269,Black-collared Starling,518,2.32
270,Black-crested Finch,236,1.06
271,Black-crested Titmouse,1544,6.92
272,Black-crowned Night-heron,1419,6.36
273,Black-faced Bunting,635,2.85
274,Black-faced Dacnis,599,2.69
275,Black-faced Grassquit,359,1.61
276,Black-faced Spoonbill,1327,5.95
277,Black-footed Albatross,838,3.76
278,Black-fronted Bulbul,589,2.64
279,Black-fronted Tern,1362,6.11
280,Black-headed Grosbeak,2342,10.50
281,Black-headed Gull,2749,12.33
282,Black-headed Ibis,453,2.03
283,Black-headed Parrot,692,3.10
284,Black-headed Siskin,840,3.77
285,Black-hooded Oriole,1680,7.53
286,Black-legged Kittiwake,1757,7.88
287,Black-legged Seriema,427,1.91
288,Black-naped Monarch,816,3.66
289,Black-naped Oriole,1468,6.58
290,Black-necked Crane,961,4.31
291,Black-necked Grebe,1847,8.28
292,Black-necked Stork,1239,5.56
293,Black-necked Wattle-eye,213,0.96
294,Black-rumped Flameback,593,2.66
295,Black-shouldered Kite,1490,6.68
296,Black-tailed Godwit,2125,9.53
297,Black-tailed Gull,1018,4.57
298,Black-thighed Falconet,829,3.72
299,Black-throated Accentor,687,3.08
300,Black-throated Blue Warbler,1967,8.82
301,Black-throated Finch,1010,4.53
302,Black-throated Green Warbler,1272,5.70
303,Black-throated Grosbeak,282,1.26
304,Black-throated Magpie-jay,1095,4.91
305,Black-throated Sparrow,1507,6.76
306,Black-throated Thrush,990,4.44
307,Black-throated Tit,409,1.83
308,Black-whiskered Vireo,523,2.35
309,Black-winged Kite,919,4.12
310,Black-winged Pratincole,610,2.74
311,Black-winged Stilt,2614,11.72
312,Black Baza,6363,28.53
313,Black Bishop,9509,42.64
314,Black Bittern,671.5,3.01
315,Black Bulbul,7000,31.39
316,Black Butcherbird,2821,12.65
317,Black Caracara,2571,11.53
318,Black Catbird,2756,12.36
319,Black Coucal,4462,20.01
320,Black Crake,3919,17.57
321,Black Crowned Crane,1425,6.39
322,Black Cuckoo,6110,27.40
323,Black Currawong,2607,11.69
324,Black Drongo,5498,24.65
325,Black Eagle,7639,34.26
326,Black Falcon,5337,23.93
327,Black Fantail,5070,22.74
328,Black Francolin,5227,23.44
329,Black Grasswren,1051,4.71
330,Black Grouse,10358,46.45
331,Black Guan,5219,23.40
332,Black Guillemot,3161,14.17
333,Black Guineafowl,850,3.81
334,Black Harrier,4211,18.88
335,Black Hawk-eagle,1116,5.00
336,Black Heron,10137,45.46
337,Black Honeyeater,4194,18.81
338,Black Hornbill,4959,22.24
339,Black Inca,5861,26.28
340,Black Jacobin,2101,9.42
341,Black Kite,10750,48.21
342,Black Lark,5264,23.61
343,Black Lory,4444,19.93
344,Black Metaltail,723,3.24
345,Black Monarch,7856,35.23
346,Black Noddy,3236,14.51
347,Black Oriole,2635,11.82
348,Black Parrot,12749,57.17
349,Black Partridge,5360,24.04
350,Black Petrel,2507,11.24
351,Black Phoebe,2906,13.03
352,Black Rail,12414,55.67
353,Black Redstart,4858,21.78
354,Black Robin,5243,23.51
355,Black Scoter,6043,27.10
356,Black Shama,778.5,3.49
357,Black Sicklebill,529,2.37
358,Black Siskin,4642,20.82
359,Black Skimmer,7817,35.05
360,Black Solitaire,7894,35.40
361,Black Solitary Eagle,841,3.77
362,Black Sparrowhawk,3556,15.95
363,Black Stilt,6612,29.65
364,Black Stork,7421,33.28
365,Black Sunbird,5198,23.31
366,Black Swan,1218,5.46
367,Black Swift,5494,24.64
368,Black Tern,10675,47.87
369,Black Thrush,9268,41.56
370,Black Turnstone,2329,10.44
371,Black Wheatear,1865,8.36
372,Black Woodpecker,5796,25.99
373,Blackburnian Warbler,3456,15.50
374,Blackish Oystercatcher,631,2.83
375,Blackpoll Warbler,3062,13.73
376,Blacksmith Lapwing,1365,6.12
377,Blackstart,3782,16.96
378,Blackthroat,7227,32.41
379,Blood Pheasant,2427,10.88
380,Blossom-headed Parakeet,269,1.21
381,Blue-and-white Flycatcher,468,2.10
382,Blue-and-white Swallow,811,3.64
383,Blue-and-yellow Macaw,4681,20.99
384,Blue-backed Parrot,286,1.28
385,Blue-bearded Helmetcrest,473,2.12
386,Blue-bellied Roller,841,3.77
387,Blue-billed Duck,975,4.37
388,Blue-capped Cordon-bleu,774,3.47
389,Blue-capped Ifrit,514,2.30
390,Blue-cheeked Bee-eater,612,2.74
391,Blue-crowned Motmot,1252,5.61
392,Blue-eared Kingfisher,606,2.72
393,Blue-eyed Cockatoo,921,4.13
394,Blue-eyed Ground-dove,147,0.66
395,Blue-faced Honeyeater,1269,5.69
396,Blue-footed Booby,2684,12.04
397,Blue-fronted Redstart,1354,6.07
398,Blue-grey Gnatcatcher,407,1.83
399,Blue-headed Parrot,1132,5.08
400,Blue-headed Vireo,1030,4.62
401,Blue-naped Parrot,697,3.13
402,Blue-streaked Lory,578,2.59
403,Blue-tailed Bee-eater,1588,7.12
404,Blue-throated Barbet,445,2.00
405,Blue-throated Macaw,1535,6.88
406,Blue-winged Kookaburra,911,4.09
407,Blue-winged Pitta,587,2.63
408,Blue-winged Teal,1478,6.63
409,Blue-winged Warbler,2133,9.57
410,Blue Bird-of-paradise,2039,9.14
411,Blue Bunting,2697,12.09
412,Blue Bustard,2032,9.11
413,Blue Coua,876,3.93
414,Blue Crane,9112,40.86
415,Blue Dacnis,2605,11.68
416,Blue Duck,15476,69.40
417,Blue Finch,5626,25.23
418,Blue Grosbeak,3458,15.51
419,Blue Jay,7136,32.00
420,Blue Lorikeet,6013,26.96
421,Blue Manakin,2205,9.89
422,Blue Mockingbird,8255,37.02
423,Blue Mountain Vireo,514,2.30
424,Blue Noddy,3844,17.24
425,Blue Nuthatch,3874,17.37
426,Blue Petrel,1396,6.26
427,Blue Pitta,5303,23.78
428,Blue Swallow,8217,36.85
429,Bluebonnet,9991,44.80
430,Bluethroat,2488,11.16
431,Blyth's Pipit,328,1.47
432,Boat-billed Heron,1384,6.21
433,Boat-tailed Grackle,1816,8.14
434,Bobolink,8532,38.26
435,Bohemian Waxwing,4013,18.00
436,Bokmakierie,7192,32.25
437,Bonaparte's Gull,1478,6.63
438,Bonelli's Eagle,1433,6.43
439,Bonin Petrel,481,2.16
440,Booted Eagle,7397,33.17
441,Booted Warbler,1254,5.62
442,Boreal Chickadee,2416,10.83
443,Boreal Owl,3287,14.74
444,Bornean Frogmouth,644,2.89
445,Bornean Peacock-pheasant,799,3.58
446,Bougainville Moustached Kingfisher,650,2.91
447,Boulder Chat,2470,11.08
448,Bourke's Parrot,1529,6.86
449,Brahminy Kite,5529,24.79
450,Brahminy Starling,3668,16.45
451,Brambling,7923,35.53
452,Brazilian Merganser,1261,5.65
453,Brazilian Ruby,6749,30.26
454,Brazilian Tanager,1453,6.52
455,Brazilian Teal,1353,6.07
456,Brent Goose,5136,23.03
457,Brewer's Blackbird,4946,22.18
458,Brewer's Sparrow,2118,9.50
459,Bridled Tern,1843,8.26
460,Bridled Titmouse,714,3.20
461,Bridled White-eye,582,2.61
462,Broad-billed Hummingbird,1477,6.62
463,Broad-billed Roller,226,1.01
464,Broad-billed Sandpiper,915,4.10
465,Broad-tailed Hummingbird,1717,7.70
466,Broad-winged Hawk,2929,13.13
467,Bronze-winged Courser,290,1.30
468,Bronze Mannikin,2132,9.56
469,Bronzed Cowbird,2104,9.43
470,Bronzed Drongo,910,4.08
471,Bronzy Inca,541,2.43
472,Brown-backed Solitaire,364,1.63
473,Brown-chested Martin,476,2.13
474,Brown-crested Flycatcher,912,4.09
475,Brown-eared Bulbul,1600,7.17
476,Brown-headed Barbet,1452,6.51
477,Brown-headed Cowbird,2579,11.57
478,Brown-headed Gull,848,3.80
479,Brown-headed Nuthatch,1629,7.30
480,Brown-hooded Gull,188,0.84
481,Brown-throated Sunbird,1729,7.75
482,Brown Booby,3211,14.40
483,Brown Bullfinch,1629,7.30
484,Brown Dipper,3641,16.33
485,Brown Falcon,5626,25.23
486,Brown Goshawk,1941,8.70
487,Brown Honeyeater,1768,7.93
488,Brown Inca,2850,12.78
489,Brown Jay,3945,17.69
490,Brown Lory,2315,10.38
491,Brown Noddy,3020,13.54
492,Brown Oriole,2784,12.48
493,Brown Parrot,8114,36.39
494,Brown Pelican,4155,18.63
495,Brown Quail,4672,20.95
496,Brown Shrike,2866,12.85
497,Brown Skua,2302,10.32
498,Brown Tanager,1742,7.81
499,Brown Teal,13741,61.62
500,Brown Thornbill,2005,8.99
501,Brown Thrasher,5594,25.09
502,Brown Treecreeper,1266,5.68
503,Brown Trembler,211,0.95
504,Brown Whistler,3063,13.74
505,Brubru,3181,14.26
506,Brush Bronzewing,936,4.20
507,Brush Cuckoo,1206,5.41
508,Budgerigar,6135,27.51
509,Buff-banded Rail,751,3.37
510,Buff-bellied Pipit,802,3.60
511,Buff-breasted Sandpiper,1420,6.37
512,Buff-collared Nightjar,366,1.64
513,Buff-faced Pygmy-parrot,826,3.70
514,Bufflehead,10378,46.54
515,Bugun Liocichla,255.5,1.15
516,Bull-headed Shrike,898,4.03
517,Buller's Albatross,1221,5.48
518,Bullock's Oriole,2068,9.27
519,Bumblebee Hummingbird,3625,16.26
520,Burrowing Owl,8213,36.83
521,Burrowing Parrot,1456,6.53
522,Cackling Goose,3565,15.99
523,Cactus Wren,6044,27.10
524,Calandra Lark,1942,8.71
525,Calayan Rail,252.5,1.13
526,California Condor,6543,29.34
527,California Gnatcatcher,2667,11.96
528,California Gull,2379,10.67
529,California Quail,5448,24.43
530,California Thrasher,3435,15.40
531,California Towhee,4396,19.71
532,Calliope Hummingbird,4023,18.04
533,Cambodian Laughingthrush,438,1.96
534,Cambodian Tailorbird,267,1.20
535,Campbell Teal,2612,11.71
536,Campo Flicker,635,2.85
537,Campo Troupial,1315,5.90
538,Canada Goose,4054,18.18
539,Canada Warbler,5073,22.75
540,Canvasback,11881,53.28
541,Canyon Wren,3812,17.09
542,Cape Barren Goose,2525,11.32
543,Cape Bulbul,3669,16.45
544,Cape Bunting,1873,8.40
545,Cape Canary,8373,37.55
546,Cape Cormorant,1170,5.25
547,Cape Crow,5658,25.37
548,Cape Gannet,3012,13.51
549,Cape May Warbler,941,4.22
550,Cape Parrot,5689,25.51
551,Cape Petrel,3073,13.78
552,Cape Sparrow,2781,12.47
553,Cape Starling,2072,9.29
554,Cape Sugarbird,1665,7.47
555,Cape Teal,2984,13.38
556,Cape Vulture,3811,17.09
557,Cape Wagtail,1607,7.21
558,Cape Weaver,3384,15.17
559,Cape White-eye,698,3.13
560,Capped Heron,2539,11.39
561,Capuchinbird,649,2.91
562,Cardinal Woodpecker,6252,28.04
563,Carib Grackle,1980,8.88
564,Caribbean Dove,5683,25.48
565,Caribbean Martin,7377,33.08
566,Carolina Chickadee,6464,28.99
567,Carolina Wren,5704,25.58
568,Carrion Crow,6657,29.85
569,Carunculated Caracara,1189,5.33
570,Caspian Gull,2458,11.02
571,Caspian Plover,1611,7.22
572,Caspian Tern,6240,27.98
573,Caspian Tit,1015,4.55
574,Cassin's Auklet,993,4.45
575,Cassin's Finch,891,4.00
576,Cassin's Vireo,1080,4.84
577,Cattle Egret,8325,37.33
578,Cattle Tyrant,815,3.65
579,Cave Swallow,3121,14.00
580,Cave Swiftlet,953,4.27
581,Cebu Flowerpecker,1510,6.77
582,Cedar Waxwing,8593,38.53
583,Cerulean Warbler,3809,17.08
584,Cetti's Warbler,798,3.58
585,Chaco Owl,1288,5.78
586,Chalk-browed Mockingbird,722,3.24
587,Channel-billed Cuckoo,1380,6.19
588,Channel-billed Toucan,1418,6.36
589,Chatham Albatross,1964,8.81
590,Chatham Petrel,822,3.69
591,Chatham Pigeon,1802,8.08
592,Chattering Lory,3031,13.59
593,Cheer Pheasant,1741,7.81
594,Chestnut-backed Chickadee,1660,7.44
595,Chestnut-breasted Mannikin,195,0.87
596,Chestnut-breasted Partridge,237,1.06
597,Chestnut-crowned Babbler,600,2.69
598,Chestnut-eared Bunting,161,0.72
599,Chestnut-headed Bee-eater,757,3.39
600,Chestnut-sided Warbler,1707,7.65
601,Chestnut-tailed Starling,1597,7.16
602,Chestnut Bunting,1104,4.95
603,Chestnut Munia,372,1.67
604,Chestnut Rail,3986,17.87
605,Chestnut Sparrow,2203,9.88
606,Chestnut Teal,3362,15.08
607,Chestnut Thrush,2711,12.16
608,Chestnut Weaver,2053,9.21
609,Chestnut Woodpecker,832,3.73
610,Chihuahuan Raven,1758,7.88
611,Chilean Flamingo,1800,8.07
612,Chilean Tinamou,1070,4.80
613,Chiloe Wigeon,991,4.44
614,Chimango Caracara,925,4.15
615,Chiming Wedgebill,1228,5.51
616,Chimney Swift,6029,27.04
617,Chinese Blackbird,2946,13.21
618,Chinese Crested Tern,661,2.96
619,Chinese Egret,1948,8.74
620,Chinese Francolin,937,4.20
621,Chinese Grouse,2967,13.30
622,Chinese Monal,1268,5.69
623,Chinese Sparrowhawk,3399,15.24
624,Chinese Thrush,5393,24.18
625,Chinstrap Penguin,4417,19.81
626,Chipping Sparrow,4965,22.26
627,Chopi Blackbird,513,2.30
628,Chowchilla,8559,38.38
629,Christmas Island Frigatebird,1491,6.69
630,Chukar,13085,58.68
631,Cinderella Waxbill,1160,5.20
632,Cinereous Bulbul,876,3.93
633,Cinereous Bunting,1131,5.07
634,Cinereous Mourner,964,4.32
635,Cinereous Vulture,2704,12.13
636,Cinnamon Bittern,1011,4.53
637,Cinnamon Hummingbird,2105,9.44
638,Cinnamon Teal,6748,30.26
639,Cirl Bunting,3510,15.74
640,Citril Finch,978,4.39
641,Citrine Wagtail,2513,11.27
642,Clapper Rail,4900,21.97
643,Clark's Grebe,1503,6.74
644,Clark's Nutcracker,3644,16.34
645,Clay-colored Sparrow,1442,6.47
646,Clay-colored Thrush,1210,5.43
647,Cliff Swallow,7189,32.24
648,Club-winged Manakin,420,1.88
649,Coal Tit,3688,16.54
650,Cockatiel,10511,47.13
651,Cocoi Heron,1689,7.57
652,Coconut Lorikeet,1261,5.65
653,Coleto,9312,41.76
654,Colima Warbler,1048,4.70
655,Collared Crow,1415,6.35
656,Collared Falconet,1390,6.23
657,Collared Flycatcher,2914,13.07
658,Collared Inca,852,3.82
659,Collared Kingfisher,4163,18.67
660,Collared Lory,822,3.69
661,Collared Nightjar,422,1.89
662,Collared Owlet,2196,9.85
663,Collared Plover,1337,6.00
664,Collared Pratincole,1042,4.67
665,Collared Puffbird,901,4.04
666,Collared Sparrowhawk,2053,9.21
667,Collared Sunbird,1897,8.51
668,Collared Trogon,1001,4.49
669,Comb-crested Jacana,731,3.28
670,Common Babbler,3732,16.74
671,Common Black Hawk,2521,11.30
672,Common Bronzewing,1324,5.94
673,Common Bulbul,5067,22.72
674,Common Buttonquail,1447,6.49
675,Common Chaffinch,1933,8.67
676,Common Chiffchaff,1361,6.10
677,Common Coot,2775,12.44
678,Common Crane,7052,31.62
679,Common Cuckoo,6699,30.04
680,Common Eider,3893,17.46
681,Common Emu,3284,14.73
682,Common Firecrest,1381,6.19
683,Common Fiscal,6447,28.91
684,Common Flameback,1294,5.80
685,Common Gallinule,5101,22.87
686,Common Goldeneye,3664,16.43
687,Common Grackle,4591,20.59
688,Common Green Magpie,3304,14.82
689,Common Greenshank,1646,7.38
690,Common Hill Myna,3015,13.52
691,Common Hoopoe,4101,18.39
692,Common Iora,3966,17.78
693,Common Kestrel,3088,13.85
694,Common Kingfisher,5815,26.08
695,Common Linnet,377,1.69
696,Common Loon,5056,22.67
697,Common Miner,3329,14.93
698,Common Moorhen,7260,32.56
699,Common Murre,3431,15.39
700,Common Myna,6646,29.80
701,Common Nighthawk,4183,18.76
702,Common Nightingale,5115,22.94
703,Common Ostrich,3471,15.57
704,Common Pheasant,7250,32.51
705,Common Pochard,2865,12.85
706,Common Poorwill,3018,13.53
707,Common Potoo,1575,7.06
708,Common Quail,4101,18.39
709,Common Raven,6687,29.99
710,Common Redshank,4065,18.23
711,Common Redstart,2359,10.58
712,Common Ringed Plover,2557,11.47
713,Common Rosefinch,3051,13.68
714,Common Sandpiper,6872,30.82
715,Common Scoter,3523,15.80
716,Common Shelduck,1150,5.16
717,Common Snipe,4527,20.30
718,Common Starling,4191,18.79
719,Common Stonechat,1601,7.18
720,Common Swift,6832,30.64
721,Common Tailorbird,3999,17.93
722,Common Teal,5560,24.93
723,Common Tern,6046,27.11
724,Common Waxbill,2284,10.24
725,Common White Tern,1071,4.80
726,Common Woodshrike,1584,7.10
727,Common Yellowthroat,4550,20.40
728,Compact Weaver,2492,11.17
729,Congo Peafowl,2709,12.15
730,Connecticut Warbler,2218,9.95
731,Cook's Petrel,895,4.01
732,Cooper's Hawk,8202,36.78
733,Copper Pheasant,3689,16.54
734,Coppersmith Barbet,3867,17.34
735,Coppery-headed Emerald,210,0.94
736,Cordilleran Flycatcher,1243,5.57
737,Corn Bunting,5011,22.47
738,Corncrake,8103,36.34
739,Coscoroba Swan,1948,8.74
740,Costa's Hummingbird,1981,8.88
741,Cozumel Thrasher,217.5,0.98
742,Crane Hawk,2625,11.77
743,Cream-colored Woodpecker,277,1.24
744,Cream-coloured Courser,719,3.22
745,Crescent-chested Warbler,770,3.45
746,Crescent Honeyeater,2936,13.17
747,Crested Auklet,1278,5.73
748,Crested Barbet,5159,23.13
749,Crested Bellbird,613,2.75
750,Crested Bunting,1521,6.82
751,Crested Caracara,4977,22.32
752,Crested Coua,1579,7.08
753,Crested Duck,6228,27.93
754,Crested Eagle,6197,27.79
755,Crested Francolin,1542,6.91
756,Crested Goshawk,3196,14.33
757,Crested Guan,768,3.44
758,Crested Jay,4165,18.68
759,Crested Kingfisher,2787,12.50
760,Crested Lark,4564,20.47
761,Crested Myna,3345,15.00
762,Crested Oropendola,1154,5.17
763,Crested Owl,5571,24.98
764,Crested Partridge,1488,6.67
765,Crested Pigeon,5237,23.48
766,Crested Quetzal,743,3.33
767,Crested Tit,4232,18.98
768,Crested Treeswift,910,4.08
769,Crimson-rumped Toucanet,1111,4.98
770,Crimson Chat,2429,10.89
771,Crimson Fruitcrow,843,3.78
772,Crimson Rosella,7620,34.17
773,Crimson Sunbird,5621,25.21
774,Crimson Topaz,1172,5.26
775,Crissal Thrasher,730,3.27
776,Crowned Eagle,3058,13.71
777,Crowned Hornbill,2498,11.20
778,Crowned Lapwing,1323,5.93
779,Crowned Solitary Eagle,1210,5.43
780,Crowned Woodnymph,1308,5.87
781,Cuban Amazon,10982,49.25
782,Cuban Bullfinch,1184,5.31
783,Cuban Crow,3543,15.89
784,Cuban Emerald,2358,10.57
785,Cuban Grassquit,1027,4.61
786,Cuban Green Woodpecker,516,2.31
787,Cuban Kite,1322,5.93
788,Cuban Martin,1431,6.42
789,Cuban Pewee,381,1.71
790,Cuban Solitaire,3161,14.17
791,Cuban Tody,4017,18.01
792,Cuban Trogon,2070,9.28
793,Cuban Vireo,469,2.10
794,Cuckoo Roller,1963,8.80
795,Curl-crested Jay,269,1.21
796,Curl-crested Manucode,512,2.30
797,Curlew Sandpiper,5972,26.78
798,Curve-billed Thrasher,1944,8.72
799,Dalmatian Pelican,1492,6.69
800,Dark-billed Cuckoo,280,1.26
801,Dark-eyed Junco,2342,10.50
802,Dark-necked Tailorbird,367,1.65
803,Daurian Jackdaw,1935,8.68
804,Daurian Redstart,880,3.95
805,Dead Sea Sparrow,839,3.76
806,Demoiselle Crane,4270,19.15
807,Desert Finch,2443,10.96
808,Desert Lark,2318,10.39
809,Desert Sparrow,3600,16.14
810,Desert Tawny Owl,439,1.97
811,Desert Wheatear,2056,9.22
812,Diamond Dove,11791,52.87
813,Diamond Firetail,2436,10.92
814,Dickcissel,3484,15.62
815,Diederik Cuckoo,2344,10.51
816,Dolphin Gull,1955,8.77
817,Donacobius,836,3.75
818,Double-crested Cormorant,2543,11.40
819,Double-toothed Kite,358,1.61
820,Downy Woodpecker,6380,28.61
821,Drab Seedeater,280,1.26
822,Dulit Frogmouth,692,3.10
823,Dunlin,13068,58.60
824,Dunnock,4683,21.00
825,Dusky Grouse,3744,16.79
826,Dusky Lory,1274,5.71
827,Dusky Moorhen,2982,13.37
828,Dusky Parrot,956,4.29
829,Dusky Robin,3604,16.16
830,Dusky Scrubfowl,283,1.27
831,Dusky Thrush,913,4.09
832,Dusky Warbler,1578,7.08
833,Dusky Woodswallow,2324,10.42
834,Dwarf Bittern,750,3.36
835,Dwarf Cassowary,2113,9.48
836,Dwarf Jay,2975,13.34
837,Eared Dove,2027,9.09
838,Eared Pitta,437,1.96
839,Eared Quetzal,951,4.26
840,Eastern Bluebird,4469,20.04
841,Eastern Bristlebird,933,4.18
842,Eastern Crowned Warbler,304,1.36
843,Eastern Goldfinch,2672.5,11.98
844,Eastern Imperial Eagle,881,3.95
845,Eastern Kingbird,3562,15.97
846,Eastern Koel,1888,8.47
847,Eastern Meadowlark,3630,16.28
848,Eastern Phoebe,4455,19.98
849,Eastern Rosella,4291,19.24
850,Eastern Screech-owl,740,3.32
851,Eastern Spinebill,2407,10.79
852,Eastern Towhee,4624,20.74
853,Eastern Whip-poor-will,1703,7.64
854,Eastern Whipbird,1901,8.52
855,Eastern Wood-pewee,1057,4.74
856,Eastern Yellow Robin,1755,7.87
857,Eastern Yellow Wagtail,1863,8.35
858,Echo Parakeet,1715,7.69
859,Ecuadorian Hermit,1737,7.79
860,Edible-nest Swiftlet,890,3.99
861,Egyptian Goose,8471,37.99
862,Egyptian Nightjar,1079,4.84
863,Egyptian Plover,3716,16.66
864,Egyptian Vulture,3260,14.62
865,Elegant Crested Tinamou,567,2.54
866,Elegant Parrot,2868,12.86
867,Elegant Pitta,411,1.84
868,Elegant Tern,806,3.61
869,Elegant Tit,2809,12.60
870,Elegant Trogon,2565,11.50
871,Eleonora's Falcon,552,2.48
872,Elf Owl,3996,17.92
873,Elfin Woods Warbler,510,2.29
874,Elliot's Pheasant,425,1.91
875,Emerald Starling,1536,6.89
876,Emerald Tanager,753,3.38
877,Emerald Toucanet,1739,7.80
878,Emperor Goose,2740,12.29
879,Emperor Penguin,5935,26.61
880,Empress Brilliant,1984,8.90
881,Erect-crested Penguin,1609,7.22
882,Eskimo Curlew,3140,14.08
883,Esmeraldas Woodstar,403,1.81
884,Eurasian Bittern,1029,4.61
885,Eurasian Blackbird,1390,6.23
886,Eurasian Blackcap,1512,6.78
887,Eurasian Blue Tit,2586,11.60
888,Eurasian Bullfinch,3265,14.64
889,Eurasian Collared-dove,1695,7.60
890,Eurasian Crag Martin,1264,5.67
891,Eurasian Curlew,1717,7.70
892,Eurasian Dotterel,973,4.36
893,Eurasian Eagle-owl,3243,14.54
894,Eurasian Golden Oriole,2445,10.96
895,Eurasian Hobby,2203,9.88
896,Eurasian Jackdaw,858,3.85
897,Eurasian Jay,4262,19.11
898,Eurasian Magpie,3885,17.42
899,Eurasian Nuthatch,1993,8.94
900,Eurasian Oystercatcher,1595,7.15
901,Eurasian Siskin,1502,6.74
902,Eurasian Skylark,1911,8.57
903,Eurasian Sparrowhawk,3052,13.69
904,Eurasian Spoonbill,1892,8.48
905,Eurasian Tree Sparrow,3180,14.26
906,Eurasian Treecreeper,1959,8.78
907,Eurasian Wigeon,3514,15.76
908,Eurasian Woodcock,1628,7.30
909,Eurasian Wryneck,2074,9.30
910,European Bee-eater,1080,4.84
911,European Goldfinch,4585,20.56
912,European Greenfinch,2401,10.77
913,European Herring Gull,968,4.34
914,European Nightjar,2069,9.28
915,European Pied Flycatcher,1110,4.98
916,European Robin,6269,28.11
917,European Roller,4544,20.38
918,European Serin,1440,6.46
919,European Shag,1447,6.49
920,Evening Grosbeak,4243,19.03
921,Eyebrowed Thrush,1641,7.36
922,Eyrean Grasswren,504,2.26
923,Fairy Martin,5328,23.89
924,Fairy Pitta,2368,10.62
925,Fairy Prion,1222,5.48
926,Fairy Tern,4430,19.87
927,Falcated Duck,1180,5.29
928,Familiar Chat,3996,17.92
929,Fan-tailed Warbler,666,2.99
930,Far Eastern Curlew,2787,12.50
931,Fearful Owl,1556,6.98
932,Fernwren,914,4.10
933,Ferruginous Duck,2771,12.43
934,Ferruginous Flycatcher,592,2.65
935,Ferruginous Hawk,4591,20.59
936,Ferruginous Pygmy-owl,1078,4.83
937,Field Sparrow,4149,18.61
938,Fieldfare,2274,10.20
939,Fiery-throated Hummingbird,1063,4.77
940,Fiery Topaz,1401,6.28
941,Fiji Parrotfinch,292,1.31
942,Fiji Petrel,311,1.39
943,Fiordland Penguin,2438,10.93
944,Fire-tailed Sunbird,344,1.54
945,Firethroat,1031,4.62
946,Fischer's Lovebird,2753,12.35
947,Fish Crow,8381,37.58
948,Flame-faced Tanager,516,2.31
949,Flame Bowerbird,782,3.51
950,Flame Robin,6704,30.06
951,Flamecrest,1884,8.45
952,Flammulated Owl,3064,13.74
953,Flightless Cormorant,2626,11.78
954,Floreana Mockingbird,1768,7.93
955,Flores Crow,1728,7.75
956,Flores Monarch,3498,15.69
957,Florida Scrub-jay,1558,6.99
958,Fluffy-backed Tit-babbler,1012,4.54
959,Forest Bittern,1411,6.33
960,Forest Buzzard,4387,19.67
961,Forest Canary,3389,15.20
962,Forest Kingfisher,5247,23.53
963,Forest Owlet,4476,20.07
964,Forest Raven,6956,31.19
965,Forest Swallow,3657,16.40
966,Forest Thrush,3773,16.92
967,Forest Wagtail,2735,12.26
968,Fork-tailed Drongo,531,2.38
969,Fork-tailed Flycatcher,991,4.44
970,Fork-tailed Sunbird,592,2.65
971,Forster's Tern,1340,6.01
972,Forty-spotted Pardalote,734,3.29
973,Fox Kestrel,2849,12.78
974,Franklin's Gull,1879,8.43
975,Freckled Duck,1186,5.32
976,Frilled Coquette,534,2.39
977,Fulvous Whistling-duck,408,1.83
978,Gabar Goshawk,2159,9.68
979,Gadwall,8768,39.32
980,Galah,11500,51.57
981,Galapagos Dove,3392,15.21
982,Galapagos Hawk,1660,7.44
983,Galapagos Martin,3905,17.51
984,Galapagos Mockingbird,1194,5.35
985,Galapagos Penguin,3982,17.86
986,Galapagos Rail,1398,6.27
987,Gambel's Quail,1473,6.61
988,Gang-gang Cockatoo,2155,9.66
989,Garden Emerald,13086,58.68
990,Garden Warbler,3895,17.47
991,Garganey,846,3.79
992,Gentoo Penguin,5053,22.66
993,Giant Antpitta,761,3.41
994,Giant Coot,770,3.45
995,Giant Hummingbird,2975,13.34
996,Giant Ibis,7244,32.48
997,Giant Kingbird,411,1.84
998,Giant Kingfisher,5453,24.45
999,Giant Nuthatch,1368,6.13
1000,Giant Pitta,922,4.13
1001,Giant Snipe,2409,10.80
1002,Giant Weaver,2143,9.61
1003,Giant Wren,1718,7.70
1004,Gila Woodpecker,2290,10.27
1005,Gilded Flicker,1878,8.42
1006,Glaucous-winged Gull,1212,5.43
1007,Glaucous Gull,2191,9.83
1008,Glaucous Macaw,2472,11.09
1009,Glossy Ibis,4716,21.15
1010,Glossy Swiftlet,641,2.87
1011,Goldcrest,10760,48.25
1012,Golden-bellied Gerygone,1277,5.73
1013,Golden-capped Parakeet,363,1.63
1014,Golden-cheeked Warbler,1965,8.81
1015,Golden-chevroned Tanager,437,1.96
1016,Golden-collared Manakin,256,1.15
1017,Golden-crowned Kinglet,2179,9.77
1018,Golden-crowned Sparrow,1777,7.97
1019,Golden-crowned Warbler,712,3.19
1020,Golden-fronted Bowerbird,262,1.17
1021,Golden-fronted Leafbird,584,2.62
1022,Golden-fronted Woodpecker,1041,4.67
1023,Golden-headed Cisticola,1059,4.75
1024,Golden-winged Sparrow,321,1.44
1025,Golden-winged Warbler,3555,15.94
1026,Golden Bowerbird,1730,7.76
1027,Golden Dove,8509,38.16
1028,Golden Eagle,8886,39.85
1029,Golden Grosbeak,1154,5.17
1030,Golden Masked-owl,320,1.43
1031,Golden Monarch,5471,24.53
1032,Golden Myna,1927,8.64
1033,Golden Nightjar,836,3.75
1034,Golden Palm Weaver,259,1.16
1035,Golden Parakeet,3475,15.58
1036,Golden Pheasant,10240,45.92
1037,Golden Pipit,1882,8.44
1038,Golden Swallow,5483,24.59
1039,Golden Tanager,3297,14.78
1040,Golden Whistler,5737,25.73
1041,Goldenface,2717,12.18
1042,Goliath Heron,2441,10.95
1043,Goosander,4176,18.73
1044,Gorgeted Puffleg,270,1.21
1045,Gorgeted Woodstar,847,3.80
1046,Gouldian Finch,8940,40.09
1047,Grace's Warbler,412,1.85
1048,Graceful Prinia,1036,4.65
1049,Grandala,2776,12.45
1050,Grass Wren,3192,14.31
1051,Grasshopper Sparrow,3132,14.04
1052,Great-tailed Grackle,3107,13.93
1053,Great-winged Petrel,876,3.93
1054,Great Argus,6063,27.19
1055,Great Barbet,2981,13.37
1056,Great Black-backed Gull,2834,12.71
1057,Great Black Hawk,2696,12.09
1058,Great Blue Heron,6245,28.00
1059,Great Blue Turaco,1317,5.91
1060,Great Bowerbird,682,3.06
1061,Great Bustard,4914,22.04
1062,Great Cormorant,5470,24.53
1063,Great Crested Flycatcher,3250,14.57
1064,Great Crested Grebe,6231,27.94
1065,Great Curassow,2818,12.64
1066,Great Frigatebird,1229,5.51
1067,Great Grebe,4088,18.33
1068,Great Green Macaw,2392,10.73
1069,Great Grey Owl,3158,14.16
1070,Great Grey Shrike,3165,14.19
1071,Great Hornbill,2230,10.00
1072,Great Horned Owl,10403,46.65
1073,Great Indian Bustard,4240,19.01
1074,Great Kiskadee,2411,10.81
1075,Great Knot,6709,30.09
1076,Great Myna,1917,8.60
1077,Great Potoo,1026,4.60
1078,Great Rosefinch,1878,8.42
1079,Great Shearwater,3069,13.76
1080,Great Skua,2021,9.06
1081,Great Slaty Woodpecker,497,2.23
1082,Great Snipe,3216,14.42
1083,Great Sparrow,6663,29.88
1084,Great Spotted Cuckoo,1284,5.76
1085,Great Spotted Kiwi,1403,6.29
1086,Great Spotted Woodpecker,4865,21.82
1087,Great Thrush,6299,28.25
1088,Great Tinamou,2459,11.03
1089,Great Tit,6302,28.26
1090,Great White Egret,6108,27.39
1091,Great White Heron,5289,23.72
1092,Great White Pelican,3383,15.17
1093,Greater Adjutant,2309,10.35
1094,Greater Ani,2655,11.91
1095,Greater Antillean Bullfinch,2056,9.22
1096,Greater Antillean Grackle,791,3.55
1097,Greater Bird-of-paradise,710,3.18
1098,Greater Blue-eared Starling,781,3.50
1099,Greater Coucal,4064,18.22
1100,Greater Crested Tern,945,4.24
1101,Greater Flameback,2850,12.78
1102,Greater Flamingo,5035,22.58
1103,Greater Green Leafbird,1061,4.76
1104,Greater Honeyguide,1220,5.47
1105,Greater Pewee,1301,5.83
1106,Greater Rhea,3275,14.69
1107,Greater Roadrunner,2231,10.00
1108,Greater Sandplover,415,1.86
1109,Greater Scaup,2837,12.72
1110,Greater Spotted Eagle,2238,10.04
1111,Greater White-fronted Goose,735,3.30
1112,Greater Yellowlegs,1991,8.93
1113,Greater Yellownape,1076,4.83
1114,Green-backed Tit,1254,5.62
1115,Green-billed Coucal,766,3.43
1116,Green-billed Malkoha,1148,5.15
1117,Green-breasted Mango,262,1.17
1118,Green-cheeked Parakeet,1980,8.88
1119,Green-headed Tanager,644,2.89
1120,Green-tailed Towhee,1024,4.59
1121,Green-throated Carib,539,2.42
1122,Green-winged Teal,2558,11.47
1123,Green Barbet,2825,12.67
1124,Green Broadbill,2282,10.23
1125,Green Catbird,1715,7.69
1126,Green Cochoa,1038,4.65
1127,Green Hermit,5461,24.49
1128,Green Honeycreeper,1502,6.74
1129,Green Ibis,9918,44.48
1130,Green Inca,2999,13.45
1131,Green Iora,995,4.46
1132,Green Jay,4002,17.95
1133,Green Junglefowl,1016,4.56
1134,Green Kingfisher,7476,33.52
1135,Green Mango,12292,55.12
1136,Green Oriole,5065,22.71
1137,Green Parakeet,7813,35.04
1138,Green Peafowl,4128,18.51
1139,Green Pheasant,6996,31.37
1140,Green Rosella,5796,25.99
1141,Green Sandpiper,3719,16.68
1142,Green Turaco,2494,11.18
1143,Green Warbler,4732,21.22
1144,Green Woodhoopoe,669,3.00
1145,Greenish Warbler,3867,17.34
1146,Grenada Dove,2297,10.30
1147,Grey-backed Shrike,638,2.86
1148,Grey-crowned Warbler,239,1.07
1149,Grey-headed Albatross,939,4.21
1150,Grey-headed Lapwing,494,2.22
1151,Grey-headed Lovebird,843,3.78
1152,Grey-headed Woodpecker,1044,4.68
1153,Grey Bunting,5241,23.50
1154,Grey Bushchat,3290,14.75
1155,Grey Butcherbird,2949,13.22
1156,Grey Catbird,2361,10.59
1157,Grey Crow,5454,24.46
1158,Grey Crowned Crane,5598,25.10
1159,Grey Currawong,1520,6.82
1160,Grey Falcon,9290,41.66
1161,Grey Fantail,3986,17.87
1162,Grey Francolin,6227,27.92
1163,Grey Go-away-bird,1592,7.14
1164,Grey Goshawk,2166,9.71
1165,Grey Grasswren,567,2.54
1166,Grey Gull,6014,26.97
1167,Grey Hawk,6736,30.21
1168,Grey Heron,7749,34.75
1169,Grey Honeyeater,1705,7.65
1170,Grey Jay,2798,12.55
1171,Grey Junglefowl,1680,7.53
1172,Grey Kestrel,3064,13.74
1173,Grey Kingbird,1810,8.12
1174,Grey Nightjar,1570,7.04
1175,Grey Parrot,12348,55.37
1176,Grey Partridge,6319,28.34
1177,Grey Petrel,2368,10.62
1178,Grey Plover,3491,15.65
1179,Grey Teal,5315,23.83
1180,Grey Thrasher,4000,17.94
1181,Grey Tinamou,657,2.95
1182,Grey Tit,7082,31.76
1183,Grey Treepie,2919,13.09
1184,Grey Vireo,1430,6.41
1185,Grey Wagtail,5906,26.48
1186,Grey Whistler,3404,15.26
1187,Grey Woodpecker,5854,26.25
1188,Grey Wren,6574,29.48
1189,Greylag Goose,7713,34.59
1190,Griffon Vulture,5548,24.88
1191,Groove-billed Ani,733,3.29
1192,Grosbeak Starling,1569,7.04
1193,Ground Parrot,4707,21.11
1194,Ground Tit,3141,14.09
1195,Ground Woodpecker,2933,13.15
1196,Guadalcanal Moustached Kingfisher,137,0.61
1197,Guadalupe Murrelet,1640,7.35
1198,Guaiabero,2407,10.79
1199,Guam Kingfisher,1144,5.13
1200,Guam Rail,2313,10.37
1201,Guanay Cormorant,563,2.52
1202,Guayaquil Woodpecker,603,2.70
1203,Guianan Cock-of-the-rock,1300,5.83
1204,Guira Cuckoo,1077,4.83
1205,Gunnison Grouse,2842,12.74
1206,Gyrfalcon,8085,36.26
1207,Hadada Ibis,2399,10.76
1208,Hair-crested Drongo,1666,7.47
1209,Hairy Woodpecker,6607,29.63
1210,Hamerkop,4919,22.06
1211,Hammond's Flycatcher,1833,8.22
1212,Happy Wren,3584,16.07
1213,Hardhead,8105,36.35
1214,Harlequin Duck,7403,33.20
1215,Harlequin Quail,1329,5.96
1216,Harpy Eagle,1948,8.74
1217,Hawaii Creeper,2333,10.46
1218,Hawaiian Coot,1271,5.70
1219,Hawaiian Crow,2250,10.09
1220,Hawaiian Duck,3973,17.82
1221,Hawaiian Goose,2637,11.83
1222,Hawaiian Hawk,2371,10.63
1223,Hawaiian Petrel,2558,11.47
1224,Hawfinch,3268,14.65
1225,Hazel Grouse,2050,9.19
1226,Helmet Vanga,1879,8.43
1227,Helmeted Curassow,660,2.96
1228,Helmeted Friarbird,1779,7.98
1229,Helmeted Guineafowl,1511,6.78
1230,Helmeted Hornbill,2275,10.20
1231,Hen Harrier,4549,20.40
1232,Henderson Crake,1891,8.48
1233,Henderson Petrel,466,2.09
1234,Henslow's Sparrow,761,3.41
1235,Hepatic Tanager,1795,8.05
1236,Herald Petrel,816,3.66
1237,Hermit Thrush,7148,32.05
1238,Hermit Warbler,2692,12.07
1239,Hill Partridge,7314,32.80
1240,Hill Pigeon,11626,52.13
1241,Hill Prinia,1330,5.96
1242,Himalayan Bulbul,2112,9.47
1243,Himalayan Cuckoo,2610,11.70
1244,Himalayan Forest Thrush,765,3.43
1245,Himalayan Griffon,2575,11.55
1246,Himalayan Monal,3188,14.30
1247,Himalayan Owl,1798,8.06
1248,Himalayan Quail,3903,17.50
1249,Himalayan Snowcock,2343,10.51
1250,Hispaniolan Amazon,942,4.22
1251,Hispaniolan Trogon,2142,9.61
1252,Hoary Puffleg,721,3.23
1253,Hoatzin,5157,23.13
1254,Hooded Crane,569.5,2.55
1255,Hooded Grebe,2031,9.11
1256,Hooded Merganser,9256,41.51
1257,Hooded Oriole,4346,19.49
1258,Hooded Parrot,1902,8.53
1259,Hooded Pitohui,1728,7.75
1260,Hooded Plover,2958,13.26
1261,Hooded Robin,2676,12.00
1262,Hooded Siskin,1714,7.69
1263,Hooded Tanager,1366,6.13
1264,Hooded Treepie,846,3.79
1265,Hooded Vulture,1572,7.05
1266,Hooded Warbler,2430,10.90
1267,Hooded Wheatear,548,2.46
1268,Horned Grebe,2499,11.21
1269,Horned Guan,1604,7.19
1270,Horned Lark,2876,12.90
1271,Horned Parakeet,1634,7.33
1272,Horned Puffin,2917,13.08
1273,Horned Screamer,1642,7.36
1274,Horned Sungem,1702,7.63
1275,Horus Swift,645,2.89
1276,House Bunting,7884,35.35
1277,House Crow,10996,49.31
1278,House Finch,5576,25.00
1279,House Sparrow,6690,30.00
1280,House Swallow,8812,39.52
1281,House Swift,9089,40.76
1282,House Wren,6444,28.90
1283,Hudsonian Godwit,2388,10.71
1284,Humboldt Penguin,5445,24.42
1285,Hyacinth Macaw,11565,51.86
1286,Hypocolius,1594,7.15
1287,Ibadan Malimbe,1269,5.69
1288,Iberian Chiffchaff,1444,6.48
1289,Ibisbill,1266,5.68
1290,Iceland Gull,3854,17.28
1291,Icterine Warbler,925,4.15
1292,Iiwi,3756,16.84
1293,Imperial Amazon,9525,42.71
1294,Imperial Shag,773,3.47
1295,Imperial Woodpecker,1201,5.39
1296,Inaccessible Rail,2015,9.04
1297,Inca Dove,2641,11.84
1298,Inca Tern,2377,10.66
1299,Indian Blackbird,2449,10.98
1300,Indian Blue Robin,2099,9.41
1301,Indian Cormorant,1973,8.85
1302,Indian Courser,458,2.05
1303,Indian Cuckoo,4347,19.49
1304,Indian Golden Oriole,3206,14.38
1305,Indian Grey Hornbill,1743,7.82
1306,Indian Nightjar,975,4.37
1307,Indian Peafowl,5083,22.79
1308,Indian Pitta,6931,31.08
1309,Indian Robin,5947,26.67
1310,Indian Roller,6519,29.23
1311,Indian Silverbill,3373,15.13
1312,Indian Skimmer,2251,10.09
1313,Indian Spot-billed Duck,1187,5.32
1314,Indian Spotted Eagle,1824,8.18
1315,Indian Swiftlet,425,1.91
1316,Indian Vulture,7737,34.70
1317,Indian White-eye,866,3.88
1318,Indigo Bunting,2457,11.02
1319,Indigo Flycatcher,402,1.80
1320,Intermediate Egret,2214,9.93
1321,Iris Lorikeet,709,3.18
1322,Isabela Oriole,1356,6.08
1323,Isabelline Shrike,1538,6.90
1324,Isabelline Wheatear,2132,9.56
1325,Island Canary,6614,29.66
1326,Island Monarch,10117,45.37
1327,Island Thrush,4519,20.26
1328,Island Whistler,7347,32.95
1329,Italian Sparrow,5197,23.30
1330,Ivory-billed Woodpecker,459,2.06
1331,Ivory Gull,1907,8.55
1332,Jabiru,8657,38.82
1333,Jack Snipe,3276,14.69
1334,Jackal Buzzard,2475,11.10
1335,Jacky Winter,4405,19.75
1336,Jacobin Cuckoo,1988,8.91
1337,Jamaican Crow,4406,19.76
1338,Jamaican Mango,8505,38.14
1339,Jamaican Oriole,1157,5.19
1340,Jamaican Owl,2686,12.04
1341,Jamaican Petrel,415,1.86
1342,Jamaican Tody,525,2.35
1343,Jandaya Parakeet,726,3.26
1344,Japanese Cormorant,2165,9.71
1345,Japanese Grosbeak,598,2.68
1346,Japanese Murrelet,690,3.09
1347,Japanese Pygmy Woodpecker,803,3.60
1348,Japanese Quail,6309,28.29
1349,Japanese Robin,5004,22.44
1350,Japanese Sparrowhawk,1475,6.61
1351,Japanese Thrush,3288,14.74
1352,Japanese Wagtail,1095,4.91
1353,Japanese Waxwing,1092,4.90
1354,Japanese Woodpecker,3011,13.50
1355,Java Sparrow,4636,20.79
1356,Javan Green Magpie,1268,5.69
1357,Javan Hawk-eagle,545,2.44
1358,Javan Kingfisher,2002,8.98
1359,Javan Lapwing,910,4.08
1360,Javan Munia,2303,10.33
1361,Javan Myna,2666,11.96
1362,Javan Owlet,1537,6.89
1363,Jerdon's Babbler,233,1.04
1364,Jocotoco Antpitta,1069,4.79
1365,Jos Plateau Indigobird,712,3.19
1366,Juan Fernandez Firecrown,726,3.26
1367,Juan Fernandez Petrel,501,2.25
1368,Juan Fernandez Tit-tyrant,151,0.68
1369,Jungle Myna,2114,9.48
1370,Jungle Owlet,5051,22.65
1371,Jungle Prinia,708,3.17
1372,Junin Grebe,509,2.28
1373,Juniper Titmouse,799,3.58
1374,Kagu,10293,46.16
1375,Kakapo,5092,22.83
1376,Kalij Pheasant,972,4.36
1377,Karamoja Apalis,610,2.74
1378,Karoo Chat,2925,13.12
1379,Karoo Lark,979,4.39
1380,Karoo Thrush,2061,9.24
1381,Kashmir Flycatcher,1970,8.83
1382,Kauai Nukupuu,670,3.00
1383,Kea,5959,26.72
1384,Keel-billed Toucan,1791,8.03
1385,Kelp Goose,644,2.89
1386,Kelp Gull,1716,7.70
1387,Kentish Plover,2884,12.93
1388,Kentucky Warbler,3353,15.04
1389,Kerguelen Petrel,554,2.48
1390,Kerguelen Shag,786,3.52
1391,Kermadec Petrel,564,2.53
1392,Kikau,4729,21.21
1393,Killdeer,8391,37.63
1394,King Bird-of-paradise,1403,6.29
1395,King Eider,4029,18.07
1396,King of Saxony Bird-of-paradise,789,3.54
1397,King Penguin,7113,31.90
1398,King Rail,12080,54.17
1399,King Vulture,5433,24.36
1400,Kinglet Calyptura,328,1.47
1401,Kirtland's Warbler,878,3.94
1402,Knobbed Hornbill,1793,8.04
1403,Knysna Turaco,1562,7.00
1404,Koklass Pheasant,2039,9.14
1405,Kori Bustard,2835,12.71
1406,Kurdish Wheatear,807,3.62
1407,Ladder-backed Woodpecker,1447,6.49
1408,Laggar Falcon,1213,5.44
1409,Lake Duck,7870,35.29
1410,Lance-tailed Manakin,1005,4.51
1411,Lanceolated Warbler,529,2.37
1412,Lanner Falcon,3768,16.90
1413,Lapland Longspur,2236,10.03
1414,Lappet-faced Vulture,1602,7.18
1415,Large-billed Crow,1164,5.22
1416,Large-billed Reed-warbler,134,0.60
1417,Large-tailed Nightjar,717,3.22
1418,Large Frogmouth,1047,4.70
1419,Large Grey Babbler,3000,13.45
1420,Large Woodshrike,1583,7.10
1421,Lark Bunting,3876,17.38
1422,Lark Sparrow,4119,18.47
1423,Laughing Dove,5240,23.50
1424,Laughing Falcon,3453,15.48
1425,Laughing Gull,4003,17.95
1426,Laughing Kookaburra,5438,24.39
1427,Lava Gull,1016,4.56
1428,Lavender Waxbill,1481,6.64
1429,Laysan Albatross,2972,13.33
1430,Laysan Duck,1478,6.63
1431,Lazuli Bunting,3941,17.67
1432,Lazy Cisticola,655,2.94
1433,Leaden Flycatcher,2850,12.78
1434,Lear's Macaw,1503,6.74
1435,Least Auklet,383,1.72
1436,Least Bittern,3220,14.44
1437,Least Flycatcher,4652,20.86
1438,Least Grebe,1584,7.10
1439,Least Sandpiper,4576,20.52
1440,Least Tern,5279,23.67
1441,Lemon Dove,7829,35.11
1442,Lesser Adjutant,2427,10.88
1443,Lesser Black-backed Gull,2393,10.73
1444,Lesser Coucal,2497,11.20
1445,Lesser Crested Tern,2974,13.34
1446,Lesser Cuckoo,2155,9.66
1447,Lesser Flamingo,3165,14.19
1448,Lesser Florican,3899,17.48
1449,Lesser Frigatebird,3112,13.96
1450,Lesser Goldfinch,4625,20.74
1451,Lesser Grey Shrike,1671,7.49
1452,Lesser Kestrel,3465,15.54
1453,Lesser Masked Weaver,468,2.10
1454,Lesser Moorhen,469,2.10
1455,Lesser Nighthawk,2838,12.73
1456,Lesser Noddy,517,2.32
1457,Lesser Prairie-chicken,788,3.53
1458,Lesser Rhea,1065,4.78
1459,Lesser Roadrunner,919,4.12
1460,Lesser Scaup,5067,22.72
1461,Lesser Shortwing,984,4.41
1462,Lesser Spotted Eagle,3306,14.83
1463,Lesser Spotted Woodpecker,5434,24.37
1464,Lesser Yellowlegs,3003,13.47
1465,Levant Sparrowhawk,1335,5.99
1466,Lewin's Honeyeater,774,3.47
1467,Liben Lark,1057,4.74
1468,Light-vented Bulbul,1398,6.27
1469,Lilac-breasted Roller,2171,9.74
1470,Lilacine Amazon,793,3.56
1471,Limpkin,5401,24.22
1472,Lincoln's Sparrow,1107,4.96
1473,Lineated Barbet,2550,11.43
1474,Lineated Woodpecker,1174,5.26
1475,Lined Seedeater,679,3.04
1476,Little Auk,1349,6.05
1477,Little Bee-eater,1223,5.48
1478,Little Black Cormorant,1657,7.43
1479,Little Blue Heron,6366,28.55
1480,Little Brown Bustard,376,1.69
1481,Little Bunting,6398,28.69
1482,Little Bustard,2925,13.12
1483,Little Corella,4614,20.69
1484,Little Cormorant,6168,27.66
1485,Little Crake,1286,5.77
1486,Little Crow,10056,45.09
1487,Little Cuckoo,4379,19.64
1488,Little Curlew,2620,11.75
1489,Little Eagle,15166,68.01
1490,Little Egret,7361,33.01
1491,Little Friarbird,1201,5.39
1492,Little Grebe,3291,14.76
1493,Little Green Woodpecker,1461,6.55
1494,Little Gull,6231,27.94
1495,Little Hermit,5586,25.05
1496,Little Kingfisher,2711,12.16
1497,Little Lorikeet,3414,15.31
1498,Little Nightjar,626,2.81
1499,Little Owl,13332,59.78
1500,Little Penguin,10283,46.11
1501,Little Pied Cormorant,2493,11.18
1502,Little Pied Flycatcher,1250,5.61
1503,Little Raven,11053,49.57
1504,Little Ringed Plover,3831,17.18
1505,Little Shearwater,1905,8.54
1506,Little Spiderhunter,615,2.76
1507,Little Spotted Kiwi,1945,8.72
1508,Little Stint,3002,13.46
1509,Little Swift,5606,25.14
1510,Little Tern,3167,14.20
1511,Little Tinamou,710,3.18
1512,Little Wattlebird,1918,8.60
1513,Little Weaver,6783,30.42
1514,Little Woodpecker,4290,19.24
1515,Little Woodstar,643,2.88
1516,Little Woodswallow,941,4.22
1517,Livingstone's Turaco,594,2.66
1518,Lizard Buzzard,2315,10.38
1519,Loggerhead Kingbird,1106,4.96
1520,Loggerhead Shrike,5018,22.50
1521,Long-billed Corella,917,4.11
1522,Long-billed Curlew,2241,10.05
1523,Long-billed Dowitcher,2630,11.79
1524,Long-billed Murrelet,172.5,0.77
1525,Long-billed Thrasher,1311,5.88
1526,Long-legged Buzzard,1068,4.79
1527,Long-tailed Duck,2442,10.95
1528,Long-tailed Finch,582,2.61
1529,Long-tailed Jaeger,780,3.50
1530,Long-tailed Minivet,661,2.96
1531,Long-tailed Mockingbird,880,3.95
1532,Long-tailed Potoo,220,0.99
1533,Long-tailed Rosefinch,322,1.44
1534,Long-tailed Shrike,1125,5.04
1535,Long-tailed Tit,3157,14.16
1536,Long-tailed Widowbird,1004,4.50
1537,Long-toed Stint,750,3.36
1538,Long-wattled Umbrellabird,888,3.98
1539,Long-whiskered Owlet,417,1.87
1540,Louisiana Waterthrush,2311,10.36
1541,Lovely Cotinga,674,3.02
1542,Lucifer Hummingbird,3757,16.85
1543,Luzon Bleeding-heart,2220,9.96
1544,Luzon Hornbill,599,2.69
1545,Lyre-tailed Nightjar,327,1.47
1546,Macaroni Penguin,5164,23.16
1547,Madagascar Cuckoo,1109,4.97
1548,Madagascar Pochard,1573,7.05
1549,Madagascar Rail,1929,8.65
1550,Madagascar Red Owl,569,2.55
1551,Madagascar Sacred Ibis,685,3.07
1552,Madagascar Swift,3993,17.91
1553,Madagascar Teal,665,2.98
1554,Madanga,1278,5.73
1555,Madeira Firecrest,2071,9.29
1556,Magellanic Penguin,3597,16.13
1557,Magellanic Woodpecker,975,4.37
1558,Magnificent Bird-of-paradise,271,1.22
1559,Magnificent Frigatebird,6849,30.71
1560,Magnificent Hummingbird,2575,11.55
1561,Magnificent Riflebird,1517,6.80
1562,Magnolia Warbler,3636,16.30
1563,Magpie-lark,1230,5.52
1564,Magpie Goose,4061,18.21
1565,Magpie Starling,3892,17.45
1566,Maguari Stork,906,4.06
1567,Malabar Barbet,1760,7.89
1568,Malabar Grey Hornbill,1461,6.55
1569,Malabar Parakeet,1422,6.38
1570,Malabar Pied Hornbill,4395,19.71
1571,Malabar Trogon,3463,15.53
1572,Malachite Kingfisher,4611,20.68
1573,Malachite Sunbird,2011,9.02
1574,Maleo,8641,38.75
1575,Mali Firefinch,330,1.48
1576,Malia,4509,20.22
1577,Mallard,6560,29.42
1578,Mallee Emu-wren,447,2.00
1579,Malleefowl,2961,13.28
1580,Mandarin Duck,2759,12.37
1581,Maned Duck,1800,8.07
1582,Mangrove Cuckoo,1091,4.89
1583,Mangrove Finch,1606,7.20
1584,Mangrove Hummingbird,1122,5.03
1585,Mangrove Pitta,873,3.91
1586,Mangrove Swallow,431,1.93
1587,Mangrove Whistler,1373,6.16
1588,Manx Shearwater,5154,23.11
1589,Mao,16274,72.98
1590,Marabou,6193,27.77
1591,Marbled Frogmouth,872,3.91
1592,Marbled Godwit,4024,18.04
1593,Marbled Murrelet,3369,15.11
1594,Marbled Teal,1234,5.53
1595,Mariana Crow,2040,9.15
1596,Maroon-fronted Parrot,884,3.96
1597,Maroon Oriole,1416,6.35
1598,Marsh Babbler,723,3.24
1599,Marsh Owl,3308,14.83
1600,Marsh Sandpiper,2880,12.91
1601,Marsh Tit,3868,17.35
1602,Marsh Warbler,3059,13.72
1603,Marsh Wren,4605,20.65
1604,Martial Eagle,6591,29.56
1605,Marvelous Spatuletail,1809,8.11
1606,Mascarene Petrel,1007,4.52
1607,Masked Booby,2814,12.62
1608,Masked Bowerbird,1100,4.93
1609,Masked Duck,617.5,2.77
1610,Masked Finch,2810,12.60
1611,Masked Finfoot,811,3.64
1612,Masked Flowerpiercer,791,3.55
1613,Masked Lapwing,4411,19.78
1614,Masked Shrike,1016,4.56
1615,Masked Tityra,659,2.96
1616,Masked Trogon,820,3.68
1617,Maui Akepa,785,3.52
1618,Maui Nukupuu,219,0.98
1619,Maui Parrotbill,1623,7.28
1620,Mauritius Fody,1617,7.25
1621,Mauritius Kestrel,2166,9.71
1622,Mauritius Olive White-eye,654,2.93
1623,Mayotte Drongo,697,3.13
1624,McKay's Bunting,387,1.74
1625,Meadow Bunting,1441,6.46
1626,Meadow Pipit,2020,9.06
1627,Mediterranean Gull,2887,12.95
1628,Melancholy Woodpecker,1074,4.82
1629,Melodious Warbler,1278,5.73
1630,Merlin,10498,47.08
1631,Metallic Starling,1809,8.11
1632,Mew Gull,3374,15.13
1633,Mexican Hermit,1469,6.59
1634,Mexican Jay,7223,32.39
1635,Mexican Rail,5774,25.89
1636,Mexican Whip-poor-will,1520,6.82
1637,Micronesian Starling,967,4.34
1638,Middle Spotted Woodpecker,1676,7.52
1639,Mikado Pheasant,377.5,1.69
1640,Military Macaw,5285,23.70
1641,Milky Stork,2401,10.77
1642,Millerbird,828,3.71
1643,Mindanao Lorikeet,338,1.52
1644,Mindoro Bleeding-heart,1219,5.47
1645,Mississippi Kite,5800,26.01
1646,Mistle Thrush,5366,24.06
1647,Mistletoebird,877,3.93
1648,Mitred Parakeet,890,3.99
1649,Mongolian Finch,349,1.57
1650,Mongolian Lark,1624,7.28
1651,Monk Parakeet,5212,23.37
1652,Monotonous Lark,1015,4.55
1653,Montezuma Oropendola,3154,14.14
1654,Montezuma Quail,2195,9.84
1655,Montserrat Oriole,928,4.16
1656,Morepork,6534,29.30
1657,Morningbird,2608,11.70
1658,Mottled Duck,4883,21.90
1659,Mottled Owl,2932,13.15
1660,Mountain Barbet,2011,9.02
1661,Mountain Bluebird,6553,29.39
1662,Mountain Buzzard,3267,14.65
1663,Mountain Caracara,1005,4.51
1664,Mountain Chickadee,6589,29.55
1665,Mountain Chiffchaff,284,1.27
1666,Mountain Kingfisher,3244,14.55
1667,Mountain Oriole,1638,7.35
1668,Mountain Parakeet,2109,9.46
1669,Mountain Plover,2936,13.17
1670,Mountain Quail,8475,38.00
1671,Mountain Starling,1953,8.76
1672,Mountain Thrush,2068,9.27
1673,Mountain Warbler,1872,8.39
1674,Mountain Wren,4554,20.42
1675,Mourning Dove,7147,32.05
1676,Mourning Warbler,3425,15.36
1677,Moustached Flowerpiercer,228,1.02
1678,Moustached Puffbird,713,3.20
1679,Moustached Treeswift,425,1.91
1680,Moustached Warbler,859,3.85
1681,Mugimaki Flycatcher,2111,9.47
1682,Mulga Parrot,2759,12.37
1683,Multicolored Tanager,1042,4.67
1684,Muscovy Duck,11578,51.92
1685,Musician Wren,1064,4.77
1686,Musk Duck,1204,5.40
1687,Musk Lorikeet,5729,25.69
1688,Mute Swan,4735,21.23
1689,Myrtle Warbler,4123,18.49
1690,Nacunda Nighthawk,390,1.75
1691,Namaqua Dove,1137,5.10
1692,Namaqua Sandgrouse,822,3.69
1693,Nanday Parakeet,1749,7.84
1694,Nankeen Kestrel,2691,12.07
1695,Narcissus Flycatcher,1152,5.17
1696,Narcondam Hornbill,3422,15.35
1697,Narina Trogon,2761,12.38
1698,Nashville Warbler,4058,18.20
1699,Nazca Booby,2699,12.10
1700,Nechisar Nightjar,990,4.44
1701,Neddicky,2284,10.24
1702,Negros Bleeding-heart,1095,4.91
1703,Nelson's Sparrow,1382,6.20
1704,Neotropical Cormorant,573,2.57
1705,New Britain Rail,1468,6.58
1706,New Caledonian Crow,2915,13.07
1707,New Caledonian Owlet-nightjar,953,4.27
1708,New Holland Honeyeater,5494,24.64
1709,New Zealand Bellbird,2399,10.76
1710,New Zealand Falcon,5049,22.64
1711,New Zealand Fantail,4970,22.29
1712,New Zealand Kaka,3371,15.12
1713,New Zealand Pigeon,4122,18.48
1714,Nicobar Pigeon,4824,21.63
1715,Night Parrot,4706,21.10
1716,Nightingale Finch,1911,8.57
1717,Nihoa Finch,684,3.07
1718,Nile Valley Sunbird,396,1.78
1719,Nilgiri Flycatcher,1617,7.25
1720,Nilgiri Pipit,1050,4.71
1721,Noisy Friarbird,2749,12.33
1722,Noisy Miner,5121,22.96
1723,Noisy Pitta,2091,9.38
1724,Nonggang Babbler,452,2.03
1725,North Island Brown Kiwi,2050,9.19
1726,North Island Kokako,883,3.96
1727,North Island Robin,2355,10.56
1728,Northern Bald Ibis,2212,9.92
1729,Northern Bobwhite,3306,14.83
1730,Northern Boobook,657,2.95
1731,Northern Cardinal,3893,17.46
1732,Northern Carmine Bee-eater,591,2.65
1733,Northern Cassowary,2237,10.03
1734,Northern Fulmar,1460,6.55
1735,Northern Gannet,4408,19.77
1736,Northern Giant Petrel,1337,6.00
1737,Northern Goshawk,4639,20.80
1738,Northern Harrier,8028,36.00
1739,Northern House Martin,2797,12.54
1740,Northern Jacana,1411,6.33
1741,Northern Lapwing,893.5,4.01
1742,Northern Mockingbird,5860,26.28
1743,Northern Parula,4517,20.26
1744,Northern Pintail,4237,19.00
1745,Northern Potoo,2817,12.63
1746,Northern Pygmy-owl,1073,4.81
1747,Northern Red Bishop,2213,9.92
1748,Northern Rockhopper Penguin,2190,9.82
1749,Northern Rosella,2254,10.11
1750,Northern Rough-winged Swallow,1122,5.03
1751,Northern Royal Albatross,2056,9.22
1752,Northern Royal Flycatcher,1148,5.15
1753,Northern Saw-whet Owl,3189,14.30
1754,Northern Screamer,1721,7.72
1755,Northern Shoveler,6272,28.13
1756,Northern Waterthrush,3362,15.08
1757,Northern Wheatear,3074,13.78
1758,Northern White-faced Owl,2409,10.80
1759,Northern Wren,3650,16.37
1760,Northwestern Crow,3150,14.13
1761,Nyasa Lovebird,4148,18.60
1762,Oahu Alauahio,363,1.63
1763,Oak Titmouse,2736,12.27
1764,Oasis Hummingbird,2243,10.06
1765,Ocellated Turkey,3332,14.94
1766,Oilbird,2704,12.13
1767,Okarito Kiwi,3979,17.84
1768,Okinawa Rail,3772,16.91
1769,Oleaginous Hemispingus,1882,8.44
1770,Olivaceous Warbler,1068,4.79
1771,Olive-backed Pipit,446,2.00
1772,Olive-backed Sunbird,1420,6.37
1773,Olive-sided Flycatcher,2847,12.77
1774,Olive Finch,6339,28.43
1775,Olive Flycatcher,3996,17.92
1776,Olive Ibis,2572,11.53
1777,Olive Sparrow,4297,19.27
1778,Olive Sunbird,3920,17.58
1779,Olive Thrush,4525,20.29
1780,Olive Warbler,2218,9.95
1781,Olive Whistler,2269,10.17
1782,Olive Woodpecker,1566,7.02
1783,Omani Owl,451,2.02
1784,Omao,6308,28.29
1785,Orange-bellied Parrot,1839,8.25
1786,Orange-billed Nightingale-thrush,299,1.34
1787,Orange-crowned Warbler,2155,9.66
1788,Orange-fronted Parakeet,860,3.86
1789,Orange-headed Thrush,1681,7.54
1790,Orange-necked Partridge,591,2.65
1791,Orange-winged Amazon,786,3.52
1792,Orange Bullfinch,1788,8.02
1793,Orange Chat,7901,35.43
1794,Orange Dove,12054,54.05
1795,Orange Oriole,1938,8.69
1796,Orange Weaver,5854,26.25
1797,Orchard Oriole,2393,10.73
1798,Oriental Darter,1813,8.13
1799,Oriental Dollarbird,2032,9.11
1800,Oriental Greenfinch,533,2.39
1801,Oriental Hobby,11590,51.97
1802,Oriental Magpie-robin,1207,5.41
1803,Oriental Pied Hornbill,1547,6.94
1804,Oriental Plover,703,3.15
1805,Oriental Pratincole,1207,5.41
1806,Oriental Skylark,2372,10.64
1807,Oriental Stork,1184,5.31
1808,Oriental Turtle-dove,378,1.70
1809,Orinoco Goose,655,2.94
1810,Oriole Blackbird,2311,10.36
1811,Oriole Finch,2517,11.29
1812,Oriole Warbler,2635,11.82
1813,Ornate Hawk-eagle,1038,4.65
1814,Ortolan Bunting,3516,15.77
1815,Osprey,13226,59.31
1816,Ou,12827,57.52
1817,Ovenbird,5500,24.66
1818,Pacific Baza,2284,10.24
1819,Pacific Black Duck,2838,12.73
1820,Pacific Golden Plover,3902,17.50
1821,Pacific Gull,2175,9.75
1822,Pacific Loon,3650,16.37
1823,Pacific Parrotlet,4238,19.00
1824,Pacific Robin,3738,16.76
1825,Pacific Royal Flycatcher,1178,5.28
1826,Pacific Swift,10715,48.05
1827,Pacific Wren,3579,16.05
1828,Paddyfield Pipit,1422,6.38
1829,Paddyfield Warbler,927,4.16
1830,Painted Bunting,5433,24.36
1831,Painted Finch,4173,18.71
1832,Painted Francolin,1148,5.15
1833,Painted Honeyeater,1447,6.49
1834,Painted Sandgrouse,2655,11.91
1835,Painted Spurfowl,536,2.40
1836,Painted Stork,7779,34.88
1837,Palawan Flycatcher,641,2.87
1838,Palawan Hornbill,1284,5.76
1839,Palawan Peacock-pheasant,946,4.24
1840,Pale-billed Flowerpecker,426,1.91
1841,Pale-headed Rosella,725,3.25
1842,Pale Sparrow,1766,7.92
1843,Pale Thrush,1442,6.47
1844,Palestine Sunbird,2059,9.23
1845,Palila,5213,23.38
1846,Pallid Cuckoo,1221,5.48
1847,Pallid Harrier,3710,16.64
1848,Pallid Swift,1043,4.68
1849,Palm Cockatoo,7419,33.27
1850,Palm Crow,3167,14.20
1851,Palm Tanager,840,3.77
1852,Palm Warbler,3300,14.80
1853,Palmchat,4678,20.98
1854,Papuan Eagle,1668,7.48
1855,Papuan Frogmouth,1147,5.14
1856,Papyrus Gonolek,364,1.63
1857,Paradise Riflebird,1760,7.89
1858,Paradise Shelduck,1706,7.65
1859,Paradise Tanager,2274,10.20
1860,Parakeet Auklet,982,4.40
1861,Pardusco,4384,19.66
1862,Parrot Crossbill,1288,5.78
1863,Partridge Pigeon,3663,16.43
1864,Pauraque,2775,12.44
1865,Peaceful Dove,5365,24.06
1866,Pearl Kite,3121,14.00
1867,Pechora Pipit,910,4.08
1868,Pectoral Sandpiper,2721,12.20
1869,Pelagic Cormorant,1397,6.26
1870,Pennant-winged Nightjar,1115,5.00
1871,Peregrine Falcon,8713,39.07
1872,Perija Parakeet,753,3.38
1873,Pernambuco Pygmy-owl,447,2.00
1874,Persian Shearwater,852,3.82
1875,Peruvian Booby,760,3.41
1876,Peruvian Martin,2824,12.66
1877,Peruvian Pelican,1058,4.74
1878,Phainopepla,4146,18.59
1879,Pheasant Coucal,6268,28.11
1880,Pheasant Cuckoo,2243,10.06
1881,Philadelphia Vireo,3397,15.23
1882,Philippine Bulbul,904,4.05
1883,Philippine Cockatoo,2065,9.26
1884,Philippine Coucal,1303,5.84
1885,Philippine Duck,4468,20.04
1886,Philippine Eagle,8948,40.13
1887,Philippine Falconet,1041,4.67
1888,Philippine Frogmouth,774,3.47
1889,Philippine Nightjar,1020,4.57
1890,Philippine Pitta,1196,5.36
1891,Philippine Scrubfowl,183,0.82
1892,Philippine Trogon,628,2.82
1893,Pied-billed Grebe,2357,10.57
1894,Pied Avocet,2036,9.13
1895,Pied Bushchat,3825,17.15
1896,Pied Butcherbird,3679,16.50
1897,Pied Crow,5595,25.09
1898,Pied Currawong,2983,13.38
1899,Pied Falconet,556,2.49
1900,Pied Goshawk,532,2.39
1901,Pied Harrier,1190,5.34
1902,Pied Heron,2596,11.64
1903,Pied Kingfisher,3591,16.10
1904,Pied Lapwing,1623,7.28
1905,Pied Monarch,436,1.96
1906,Pied Oystercatcher,2821,12.65
1907,Pied Thrush,1800,8.07
1908,Pied Triller,2370,10.63
1909,Pied Wheatear,2155,9.66
1910,Pigeon Guillemot,2936,13.17
1911,Pileated Finch,889,3.99
1912,Pileated Woodpecker,6818,30.57
1913,Pilotbird,603,2.70
1914,Pin-tailed Sandgrouse,532,2.39
1915,Pin-tailed Whydah,3249,14.57
1916,Pine Bunting,3014,13.52
1917,Pine Flycatcher,584,2.62
1918,Pine Grosbeak,5341,23.95
1919,Pine Siskin,4310,19.33
1920,Pine Warbler,5823,26.11
1921,Pink-backed Pelican,626,2.81
1922,Pink-footed Goose,777,3.48
1923,Pink-headed Duck,1317,5.91
1924,Pink-legged Graveteiro,240,1.08
1925,Pink-necked Green-pigeon,614,2.75
1926,Pink Pigeon,7823,35.08
1927,Pink Robin,5415,24.28
1928,Pinyon Jay,3069,13.76
1929,Piping Crow,438,1.96
1930,Piping Plover,5366,24.06
1931,Pipipi,3180,14.26
1932,Piratic Flycatcher,485,2.17
1933,Plain-tailed Wren,470,2.11
1934,Plain Chachalaca,1266,5.68
1935,Plain Flowerpecker,1726,7.74
1936,Plain Nightjar,364,1.63
1937,Plain Parakeet,1185,5.31
1938,Plain Pigeon,3343,14.99
1939,Plain Prinia,3239,14.52
1940,Plain Swift,5980,26.82
1941,Plains-wanderer,622,2.79
1942,Plaintive Cuckoo,1952,8.75
1943,Plum-headed Parakeet,1562,7.00
1944,Plum-throated Cotinga,296,1.33
1945,Plumbeous Kite,1331,5.97
1946,Plumbeous Vireo,1498,6.72
1947,Plush-crested Jay,545,2.44
1948,Pomarine Jaeger,1826,8.19
1949,Pompadour Cotinga,3243,14.54
1950,Powerful Owl,7928,35.55
1951,Prairie Falcon,5462,24.49
1952,Prairie Warbler,3754,16.83
1953,Princess Parrot,7784,34.91
1954,Prothonotary Warbler,3274,14.68
1955,Providence Petrel,783,3.51
1956,Puaiohi,692,3.10
1957,Puerto Rican Amazon,7741,34.71
1958,Puerto Rican Mango,1751,7.85
1959,Puerto Rican Tody,1109,4.97
1960,Puerto Rican Woodpecker,441,1.98
1961,Puna Flamingo,803,3.60
1962,Puna Ibis,1758,7.88
1963,Purple-rumped Sunbird,755,3.39
1964,Purple-winged Roller,209,0.94
1965,Purple Finch,8094,36.30
1966,Purple Gallinule,4619,20.71
1967,Purple Grenadier,2409,10.80
1968,Purple Heron,3975,17.83
1969,Purple Honeycreeper,1935,8.68
1970,Purple Martin,5209,23.36
1971,Purple Roller,9087,40.75
1972,Purple Sandpiper,7554,33.87
1973,Purple Starling,2562,11.49
1974,Purple Sunbird,4738,21.25
1975,Purple Swamphen,5977,26.80
1976,Pygmy Cormorant,1583,7.10
1977,Pygmy Eagle,2138,9.59
1978,Pygmy Nightjar,877,3.93
1979,Pygmy Nuthatch,2692,12.07
1980,Pyrrhuloxia,2366,10.61
1981,Radde's Warbler,450,2.02
1982,Radjah Shelduck,1164,5.22
1983,Raggiana Bird-of-paradise,1204,5.40
1984,Rain Quail,4980,22.33
1985,Rainbow Bee-eater,1529,6.86
1986,Rainbow Lorikeet,11294,50.65
1987,Rainbow Pitta,1831,8.21
1988,Rainbow Starfrontlet,611,2.74
1989,Razorbill,4382,19.65
1990,Red-and-green Macaw,1880,8.43
1991,Red-and-yellow Barbet,1035,4.64
1992,Red-backed Shrike,1107,4.96
1993,Red-bellied Woodpecker,4755,21.32
1994,Red-billed Blue Magpie,948,4.25
1995,Red-billed Curassow,262,1.17
1996,Red-billed Hornbill,2308,10.35
1997,Red-billed Leiothrix,1479,6.63
1998,Red-billed Oxpecker,1188,5.33
1999,Red-billed Quelea,1446,6.48
2000,Red-billed Streamertail,1051,4.71
2001,Red-billed Tropicbird,1629,7.30
2002,Red-breasted Chat,503,2.26
2003,Red-breasted Flycatcher,1303,5.84
2004,Red-breasted Goose,1458,6.54
2005,Red-breasted Merganser,3401,15.25
2006,Red-breasted Nuthatch,1263,5.66
2007,Red-breasted Parakeet,600,2.69
2008,Red-breasted Sapsucker,852,3.82
2009,Red-browed Finch,831,3.73
2010,Red-capped Manakin,1162,5.21
2011,Red-cheeked Cordon-bleu,1208,5.42
2012,Red-cockaded Woodpecker,2409,10.80
2013,Red-collared Woodpecker,565,2.53
2014,Red-crested Cardinal,1801,8.08
2015,Red-crested Pochard,1849,8.29
2016,Red-crested Turaco,560,2.51
2017,Red-crowned Amazon,490,2.20
2018,Red-crowned Crane,3143,14.09
2019,Red-eyed Vireo,1892,8.48
2020,Red-footed Booby,2058,9.23
2021,Red-footed Falcon,223.5,1.00
2022,Red-fronted Macaw,1153,5.17
2023,Red-headed Barbet,1422,6.38
2024,Red-headed Falcon,699,3.13
2025,Red-headed Finch,1301,5.83
2026,Red-headed Lovebird,914,4.10
2027,Red-headed Vulture,863,3.87
2028,Red-headed Woodpecker,2172,9.74
2029,Red-knobbed Coot,567,2.54
2030,Red-legged Honeycreeper,866,3.88
2031,Red-legged Kittiwake,513,2.30
2032,Red-legged Partridge,1907,8.55
2033,Red-legged Seriema,554,2.48
2034,Red-lored Amazon,1314,5.89
2035,Red-naped Ibis,1856,8.32
2036,Red-naped Sapsucker,1935,8.68
2037,Red-necked Buzzard,406,1.82
2038,Red-necked Grebe,1485,6.66
2039,Red-necked Phalarope,1059,4.75
2040,Red-necked Stint,843,3.78
2041,Red-rumped Parrot,1749,7.84
2042,Red-rumped Swallow,2012,9.02
2043,Red-shouldered Blackbird,344,1.54
2044,Red-shouldered Hawk,3093,13.87
2045,Red-tailed Hawk,4214,18.90
2046,Red-tailed Laughingthrush,394,1.77
2047,Red-tailed Shrike,344,1.54
2048,Red-tailed Tropicbird,550,2.47
2049,Red-tailed Wheatear,243,1.09
2050,Red-throated Caracara,416,1.87
2051,Red-throated Loon,1245,5.58
2052,Red-throated Pipit,1359,6.09
2053,Red-throated Twinspot,208,0.93
2054,Red-vented Bulbul,2524,11.32
2055,Red-wattled Lapwing,709,3.18
2056,Red-whiskered Bulbul,3414,15.31
2057,Red-winged Blackbird,2764,12.39
2058,Red-winged Parrot,588,2.64
2059,Red-winged Starling,1437,6.44
2060,Red Avadavat,2324,10.42
2061,Red Crossbill,3741,16.78
2062,Red Fody,1955,8.77
2063,Red Goshawk,4848,21.74
2064,Red Junglefowl,2836,12.72
2065,Red Kite,13814,61.95
2066,Red Knot,9440,42.33
2067,Red Lark,6242,27.99
2068,Red Lory,6286,28.19
2069,Red Phalarope,1846,8.28
2070,Red Siskin,7090,31.79
2071,Red Spurfowl,3221,14.44
2072,Red Tanager,2403,10.78
2073,Red Warbler,4387,19.67
2074,Red Wattlebird,4496,20.16
2075,Red Weaver,11362,50.95
2076,Reddish Egret,5169,23.18
2077,Redhead,12796,57.38
2078,Redpoll,6153,27.59
2079,Redthroat,860,3.86
2080,Redwing,13797,61.87
2081,Reed Bunting,5531,24.80
2082,Regal Sunbird,830,3.72
2083,Regent Bowerbird,3130,14.04
2084,Regent Honeyeater,3612,16.20
2085,Regent Parrot,5371,24.09
2086,Resplendent Quetzal,4377,19.63
2087,Restless Flycatcher,2480,11.12
2088,Rhinoceros Auklet,2117,9.49
2089,Rhinoceros Hornbill,4024,18.04
2090,Ribbon-tailed Astrapia,1651,7.40
2091,Richard's Pipit,1278,5.73
2092,Rifleman,14353,64.36
2093,Rimatara Lorikeet,317,1.42
2094,Ring-billed Gull,1596,7.16
2095,Ring-necked Dove,1452,6.51
2096,Ring-necked Duck,1926,8.64
2097,Ring Ouzel,4227,18.96
2098,Ringed Kingfisher,2398,10.75
2099,Ringed Teal,2610,11.70
2100,River Lapwing,1091,4.89
2101,River Tern,6746,30.25
2102,River Warbler,1475,6.61
2103,Riverside Wren,1938,8.69
2104,Roadside Hawk,2682,12.03
2105,Rock Bunting,2967,13.30
2106,Rock Dove,11516,51.64
2107,Rock Parrot,6873,30.82
2108,Rock Partridge,6468,29.00
2109,Rock Pipit,4002,17.95
2110,Rock Ptarmigan,2911,13.05
2111,Rock Sandpiper,3749,16.81
2112,Rock Shag,3913,17.55
2113,Rock Sparrow,3892,17.45
2114,Rock Wren,2533,11.36
2115,Rockrunner,4688,21.02
2116,Rockwarbler,691,3.10
2117,Rook,9875,44.28
2118,Rose-breasted Grosbeak,2470.5,11.08
2119,Rose-ringed Parakeet,2914,13.07
2120,Rose Robin,6864,30.78
2121,Roseate Spoonbill,5323,23.87
2122,Roseate Tern,2651,11.89
2123,Rosy-faced Lovebird,2473,11.09
2124,Rosy Starling,1823,8.17
2125,Rough-faced Shag,587,2.63
2126,Rough-legged Buzzard,1118,5.01
2127,Royal Cinclodes,526,2.36
2128,Royal Penguin,7078,31.74
2129,Royal Spoonbill,1426,6.39
2130,Royal Tern,5742,25.75
2131,Ruby-cheeked Sunbird,956,4.29
2132,Ruby-crowned Kinglet,2416,10.83
2133,Ruby-throated Hummingbird,3957,17.74
2134,Ruddy Duck,10793,48.40
2135,Ruddy Kingfisher,1073,4.81
2136,Ruddy Pigeon,869,3.90
2137,Ruddy Shelduck,3942,17.68
2138,Ruddy Turnstone,4491,20.14
2139,Ruff,9089,40.76
2140,Ruffed Grouse,5840,26.19
2141,Rufous-bellied Niltava,1404,6.30
2142,Rufous-bellied Thrush,1686,7.56
2143,Rufous-headed Hornbill,1076,4.83
2144,Rufous-legged Owl,1899,8.52
2145,Rufous-necked Hornbill,817,3.66
2146,Rufous-necked Wood-rail,173,0.78
2147,Rufous-tailed Hummingbird,414,1.86
2148,Rufous-tailed Robin,852,3.82
2149,Rufous Babbler,1515,6.79
2150,Rufous Bristlebird,729,3.27
2151,Rufous Fantail,1536,6.89
2152,Rufous Flycatcher,2502,11.22
2153,Rufous Hornero,2706,12.13
2154,Rufous Hummingbird,2577,11.56
2155,Rufous Motmot,1234,5.53
2156,Rufous Nightjar,566,2.54
2157,Rufous Owl,1827,8.19
2158,Rufous Potoo,726,3.26
2159,Rufous Sibia,1686,7.56
2160,Rufous Songlark,1612,7.23
2161,Rufous Treepie,4497,20.17
2162,Rufous Whistler,2536,11.37
2163,Rufous Woodpecker,1639,7.35
2164,Rufous Wren,2111,9.47
2165,Russet Sparrow,1521,6.82
2166,Rustic Bunting,3543,15.89
2167,Rusty Blackbird,5674,25.44
2168,Rusty Sparrow,2382,10.68
2169,Sabine's Gull,1774,7.96
2170,Sabota Lark,320,1.43
2171,Sacred Kingfisher,2338,10.48
2172,Sad Flycatcher,707,3.17
2173,Saddlebill,1285,5.76
2174,Saffron Finch,3874,17.37
2175,Saffron Toucanet,719,3.22
2176,Sage Grouse,6174,27.69
2177,Sage Thrasher,2024,9.08
2178,Sagebrush Sparrow,2065,9.26
2179,Saker Falcon,4395,19.71
2180,Salmon-crested Cockatoo,1941,8.70
2181,Saltmarsh Sparrow,1762,7.90
2182,San Lucas Robin,1820,8.16
2183,Sand Lark,1645,7.38
2184,Sanderling,7193,32.26
2185,Sandwich Tern,4686,21.01
2186,Santa Marta Parakeet,604,2.71
2187,Sapayoa,705,3.16
2188,Satin Bowerbird,4096,18.37
2189,Satin Flycatcher,605,2.71
2190,Satyr Tragopan,3581,16.06
2191,Savanna Hawk,2330,10.45
2192,Savanna Nightjar,1330,5.96
2193,Savannah Sparrow,4360,19.55
2194,Savi's Warbler,489,2.19
2195,Saxaul Sparrow,1266,5.68
2196,Say's Phoebe,6906,30.97
2197,Scaled Quail,2768,12.41
2198,Scaly-breasted Munia,1460,6.55
2199,Scaly Thrush,4828,21.65
2200,Scarlet-backed Flowerpecker,2075,9.30
2201,Scarlet-headed Flowerpecker,416,1.87
2202,Scarlet Finch,3296,14.78
2203,Scarlet Ibis,6488,29.09
2204,Scarlet Macaw,6052,27.14
2205,Scarlet Minivet,3734,16.74
2206,Scarlet Myzomela,1161,5.21
2207,Scarlet Robin,6809,30.53
2208,Scarlet Tanager,1990,8.92
2209,Scissor-tailed Flycatcher,2155,9.66
2210,Scott's Oriole,1327,5.95
2211,Scottish Crossbill,1102,4.94
2212,Screaming Cowbird,630,2.83
2213,Screaming Piha,2075,9.30
2214,Scrubtit,658,2.95
2215,Seaside Sparrow,2491,11.17
2216,Secretarybird,1676,7.52
2217,Sedge Warbler,3115,13.97
2218,Sedge Wren,2748,12.32
2219,Semipalmated Plover,3636,16.30
2220,Semipalmated Sandpiper,4510,20.22
2221,Senegal Parrot,5754,25.80
2222,Seven-colored Tanager,187,0.84
2223,Seychelles Kestrel,759,3.40
2224,Seychelles Parrot,2033,9.12
2225,Seychelles Warbler,1035,4.64
2226,Sharp-shinned Hawk,3149,14.12
2227,Sharp-tailed Grouse,2393,10.73
2228,Sharp-tailed Sandpiper,1799,8.07
2229,Sharpbill,2711,12.16
2230,Shikra,7326,32.85
2231,Shining Honeycreeper,411,1.84
2232,Shiny Cowbird,1711,7.67
2233,Shoebill,2254,10.11
2234,Shore Plover,2376,10.65
2235,Short-billed Dowitcher,1346,6.04
2236,Short-eared Owl,2850,12.78
2237,Short-tailed Albatross,1781,7.99
2238,Short-tailed Parrot,252,1.13
2239,Short-tailed Shearwater,1204,5.40
2240,Shy Albatross,1083,4.86
2241,Siamese Fireback,2017,9.04
2242,Siberian Accentor,351,1.57
2243,Siberian Blue Robin,1928,8.65
2244,Siberian Chiffchaff,2612,11.71
2245,Siberian Crane,6201,27.81
2246,Siberian Jay,3327,14.92
2247,Siberian Rubythroat,1975,8.86
2248,Siberian Thrush,1180,5.29
2249,Siberian Tit,1197,5.37
2250,Sichuan Partridge,805,3.61
2251,Sickle-billed Vanga,479,2.15
2252,Sierra Madre Ground-warbler,123,0.55
2253,Silver-backed Tanager,222,1.00
2254,Silver-breasted Broadbill,1269,5.69
2255,Silver-eared Mesia,621,2.78
2256,Silver Gull,6263,28.09
2257,Silver Oriole,2608,11.70
2258,Silver Pheasant,7219,32.37
2259,Silver Teal,9881,44.31
2260,Silverbird,9246,41.46
2261,Silvereye,5844,26.21
2262,Silvery Pigeon,800,3.59
2263,Sinai Rosefinch,1266,5.68
2264,Sinaloa Martin,3727,16.71
2265,Sinaloa Wren,899,4.03
2266,Sind Sparrow,1013,4.54
2267,Singing Honeyeater,3281,14.71
2268,Singing Quail,4303,19.30
2269,Singing Starling,1538,6.90
2270,Sinu Parakeet,321,1.44
2271,Sira Barbet,238,1.07
2272,Sirkeer Malkoha,2559,11.48
2273,Slaty-backed Gull,1165,5.22
2274,Slaty-legged Crake,746,3.35
2275,Slaty Bristlefront,114,0.51
2276,Slaty Egret,453,2.03
2277,Slender-billed Curlew,267.5,1.20
2278,Slender-billed Vulture,1070,4.80
2279,Small-billed Elaenia,509,2.28
2280,Small Minivet,2359,10.58
2281,Smew,5828,26.13
2282,Smoky Honeyeater,352,1.58
2283,Smoky Robin,4352,19.52
2284,Smooth-billed Ani,728,3.26
2285,Snail Kite,2521,11.30
2286,Snares Penguin,2246,10.07
2287,Snoring Rail,1180,5.29
2288,Snow-capped Manakin,142,0.64
2289,Snow Bunting,5251,23.55
2290,Snow Goose,7253,32.52
2291,Snow Partridge,4776,21.42
2292,Snow Petrel,2017,9.04
2293,Snow Pigeon,3587,16.09
2294,Snowcap,8455,37.91
2295,Snowy Egret,4400,19.73
2296,Snowy Owl,8078,36.22
2297,Snowy Plover,3427,15.37
2298,Snowy Sheathbill,1520,6.82
2299,Sociable Lapwing,1320,5.92
2300,Sociable Weaver,2441,10.95
2301,Social Flycatcher,1211,5.43
2302,Socorro Dove,2012,9.02
2303,Socorro Mockingbird,445,2.00
2304,Socotra Cormorant,1392,6.24
2305,Soft-plumaged Petrel,521,2.34
2306,Solitary Sandpiper,4662,20.91
2307,Solitary Snipe,558,2.50
2308,Somali Ostrich,1692,7.59
2309,Somali Pigeon,1563,7.01
2310,Sombre Tit,567,2.54
2311,Song Parrot,6692,30.01
2312,Song Sparrow,8196,36.75
2313,Song Thrush,6061,27.18
2314,Song Wren,4631,20.77
2315,Sooty-headed Bulbul,1450,6.50
2316,Sooty Albatross,1860,8.34
2317,Sooty Falcon,1862,8.35
2318,Sooty Grouse,4700,21.08
2319,Sooty Gull,1427,6.40
2320,Sooty Oystercatcher,1400,6.28
2321,Sooty Shearwater,2867,12.86
2322,Sooty Tern,3145,14.10
2323,Sora,13562,60.82
2324,South African Shelduck,584,2.62
2325,South African Swallow,1676,7.52
2326,South Georgia Pipit,900,4.04
2327,South Island Kokako,907,4.07
2328,South Island Robin,3465,15.54
2329,South Island Saddleback,265,1.19
2330,South Island Takahe,724,3.25
2331,South Polar Skua,1698,7.61
2332,Southern Boobook,2874,12.89
2333,Southern Boubou,868,3.89
2334,Southern Brown Kiwi,562,2.52
2335,Southern Caracara,2614,11.72
2336,Southern Carmine Bee-eater,2495,11.19
2337,Southern Cassowary,3405,15.27
2338,Southern Fulmar,779,3.49
2339,Southern Giant Petrel,1761,7.90
2340,Southern Ground-hornbill,440,1.97
2341,Southern Lapwing,2296,10.30
2342,Southern Martin,8406,37.70
2343,Southern Masked Weaver,1043,4.68
2344,Southern Mealy Amazon,463,2.08
2345,Southern Red Bishop,2243,10.06
2346,Southern Rockhopper Penguin,5134,23.02
2347,Southern Royal Albatross,2122,9.52
2348,Southern Screamer,1566,7.02
2349,Southern Swift,8363,37.50
2350,Southern White-faced Owl,1861,8.35
2351,Southern Yellow-billed Hornbill,2592,11.62
2352,Spangled Coquette,643,2.88
2353,Spangled Cotinga,1089,4.88
2354,Spangled Drongo,2607,11.69
2355,Spanish Imperial Eagle,2766,12.40
2356,Spanish Sparrow,4895,21.95
2357,Speckled Hummingbird,1771,7.94
2358,Speckled Mousebird,1505,6.75
2359,Speckled Pigeon,2395,10.74
2360,Speckled Tanager,917,4.11
2361,Speckled Warbler,1152,5.17
2362,Spectacled Eider,2912,13.06
2363,Spectacled Flowerpecker,402,1.80
2364,Spectacled Owl,3080,13.81
2365,Spectacled Parrotlet,998,4.48
2366,Spectacled Tyrant,941,4.22
2367,Spectacled Weaver,504,2.26
2368,Spinifex Pigeon,2607,11.69
2369,Spix's Macaw,1428,6.40
2370,Splendid Fairy-wren,783,3.51
2371,Splendid Sunbird,584,2.62
2372,Spoon-billed Sandpiper,2347,10.52
2373,Spot-bellied Eagle-owl,1518,6.81
2374,Spot-billed Pelican,951,4.26
2375,Spotless Crake,950,4.26
2376,Spotless Starling,1370,6.14
2377,Spotted Buttonquail,405,1.82
2378,Spotted Crake,2031,9.11
2379,Spotted Eagle-owl,1784,8.00
2380,Spotted Flycatcher,4052,18.17
2381,Spotted Harrier,1292,5.79
2382,Spotted Kingfisher,2492,11.17
2383,Spotted Owl,5310,23.81
2384,Spotted Owlet,3586,16.08
2385,Spotted Pardalote,2831,12.70
2386,Spotted Rail,3319,14.88
2387,Spotted Redshank,3416,15.32
2388,Spotted Sandpiper,4077,18.28
2389,Spotted Shag,390,1.75
2390,Spotted Tanager,844,3.78
2391,Spotted Thick-knee,1068,4.79
2392,Spotted Towhee,4157,18.64
2393,Spotted Wren,1113,4.99
2394,Spruce Grouse,5711,25.61
2395,Spur-winged Goose,2238,10.04
2396,Spur-winged Lapwing,533,2.39
2397,Squacco Heron,1703,7.64
2398,Squatter Pigeon,1247,5.59
2399,Sri Lanka Blue Magpie,871,3.91
2400,Sri Lanka Frogmouth,1681,7.54
2401,Sri Lanka Junglefowl,2260,10.13
2402,St Lucia Amazon,5723,25.66
2403,St Vincent Amazon,5633,25.26
2404,Standard-winged Nightjar,500,2.24
2405,Standardwing Bird-of-paradise,340,1.52
2406,Star Finch,4355,19.53
2407,Steller's Eider,891,4.00
2408,Steller's Jay,3816,17.11
2409,Steppe Eagle,5962,26.74
2410,Stewart Shag,3341,14.98
2411,Stilt Sandpiper,3950,17.71
2412,Stitchbird,2739,12.28
2413,Stock Dove,6075,27.24
2414,Stone Partridge,2348,10.53
2415,Stork-billed Kingfisher,2535,11.37
2416,Strange-tailed Tyrant,328,1.47
2417,Strange Weaver,3547,15.91
2418,Straw-headed Bulbul,779,3.49
2419,Straw-necked Ibis,1469,6.59
2420,Streak-backed Oriole,455,2.04
2421,Streak-eared Bulbul,987,4.43
2422,Streak-throated Swallow,787,3.53
2423,Streaked Bulbul,415,1.86
2424,Streaked Laughingthrush,2148,9.63
2425,Streaked Spiderhunter,1566,7.02
2426,Streaked Weaver,1715,7.69
2427,Striated Caracara,1338,6.00
2428,Striated Grassbird,1109,4.97
2429,Striated Pardalote,3028,13.58
2430,Striped Crake,349,1.57
2431,Striped Cuckoo,3041,13.64
2432,Striped Kingfisher,1346,6.04
2433,Striped Owl,4463,20.01
2434,Striped Sparrow,3213,14.41
2435,Striped Woodpecker,1741,7.81
2436,Stubble Quail,1409,6.32
2437,Stygian Owl,718,3.22
2438,Sulawesi Pitta,991,4.44
2439,Sulphur-bellied Warbler,447,2.00
2440,Sulphur-breasted Warbler,535,2.40
2441,Sulphur-crested Cockatoo,3792,17.00
2442,Sultan Tit,1969,8.83
2443,Sulu Hornbill,1117,5.01
2444,Sumatran Ground-cuckoo,371,1.66
2445,Sumba Hornbill,326,1.46
2446,Summer Tanager,2887,12.95
2447,Sun Lark,3680,16.50
2448,Sun Parakeet,5922,26.56
2449,Sunbittern,3342,14.99
2450,Sunda Blue Robin,2068,9.27
2451,Sunda Frogmouth,256,1.15
2452,Sunda Thrush,1333,5.98
2453,Sungrebe,762,3.42
2454,Superb Fairy-wren,1243,5.57
2455,Superb Lyrebird,2219,9.95
2456,Superb Parrot,3454,15.49
2457,Superb Starling,2201,9.87
2458,Surf Scoter,6134,27.51
2459,Surfbird,4413,19.79
2460,Swainson's Hawk,2738,12.28
2461,Swainson's Thrush,2336,10.48
2462,Swainson's Warbler,590,2.65
2463,Swallow-tailed Gull,888,3.98
2464,Swallow-tailed Kite,3048,13.67
2465,Swallow Flycatcher,2173,9.74
2466,Swallow Tanager,1706,7.65
2467,Swamp Flycatcher,947,4.25
2468,Swamp Francolin,587,2.63
2469,Swamp Harrier,641,2.87
2470,Swamp Sparrow,4904,21.99
2471,Swan Goose,11184,50.15
2472,Swift Parrot,4238,19.00
2473,Sword-billed Hummingbird,1192,5.35
2474,Syrian Serin,888,3.98
2475,Syrian Woodpecker,945,4.24
2476,Tacazze Sunbird,1110,4.98
2477,Tachira Antpitta,297,1.33
2478,Tahiti Monarch,1342,6.02
2479,Tahiti Petrel,727,3.26
2480,Taita Falcon,2741,12.29
2481,Taiwan Barbet,1402,6.29
2482,Taiwan Blue Magpie,2214,9.93
2483,Taiwan Partridge,511,2.29
2484,Tamaulipas Crow,614,2.75
2485,Tanager Finch,2171,9.74
2486,Tanimbar Corella,1231,5.52
2487,Taveta Golden Weaver,658,2.95
2488,Tawny-flanked Prinia,672,3.01
2489,Tawny Eagle,4894,21.95
2490,Tawny Frogmouth,7063,31.67
2491,Tawny Owl,6594,29.57
2492,Tawny Pipit,2209,9.91
2493,Temminck's Stint,927,4.16
2494,Tennessee Warbler,3481,15.61
2495,Terek Sandpiper,1917,8.60
2496,Thick-billed Kingbird,461,2.07
2497,Thick-billed Longspur,502,2.25
2498,Thick-billed Murre,1153,5.17
2499,Thick-billed Parrot,1526,6.84
2500,Thick-billed Warbler,648,2.91
2501,Three-wattled Bellbird,1869,8.38
2502,Thrush Nightingale,3958,17.75
2503,Tibetan Blackbird,490,2.20
2504,Tibetan Bunting,1403,6.29
2505,Tibetan Partridge,339,1.52
2506,Tibetan Snowcock,601,2.70
2507,Tiger Shrike,1273,5.71
2508,Timneh Parrot,4350,19.51
2509,Tinian Monarch,612,2.74
2510,Tiny Hawk,5326,23.88
2511,Toco Toucan,3919,17.57
2512,Togian White-eye,365,1.64
2513,Tooth-billed Pigeon,871,3.91
2514,Topknot Pigeon,1670,7.49
2515,Torrent Duck,4093,18.35
2516,Torresian Crow,1279,5.74
2517,Toucan Barbet,886,3.97
2518,Townsend's Warbler,1516,6.80
2519,Tree Martin,8465,37.96
2520,Tree Pipit,3570,16.01
2521,Tree Swallow,5391,24.17
2522,Tricolored Blackbird,1489,6.68
2523,Tricolored Heron,2480,11.12
2524,Tricoloured Munia,1913,8.58
2525,Trindade Petrel,530,2.38
2526,Trinidad Motmot,1096,4.91
2527,Tristan Albatross,2297,10.30
2528,Tristan Thrush,1325,5.94
2529,Tropical Kingbird,3220,14.44
2530,Tropical Mockingbird,2580,11.57
2531,Tropical Parula,1105,4.96
2532,Trumpet Manucode,1540,6.91
2533,Trumpeter Finch,804,3.61
2534,Trumpeter Hornbill,2641,11.84
2535,Trumpeter Swan,6208,27.84
2536,Tuamotu Kingfisher,715,3.21
2537,Tucuman Amazon,2267,10.17
2538,Tufted Coquette,1417,6.35
2539,Tufted Duck,5338,23.94
2540,Tufted Flycatcher,2380,10.67
2541,Tufted Jay,3133,14.05
2542,Tufted Puffin,3109,13.94
2543,Tufted Titmouse,6051,27.13
2544,Tui,9769,43.81
2545,Tundra Swan,5975,26.79
2546,Turkey Vulture,10053,45.08
2547,Turquoise-browed Motmot,1086,4.87
2548,Turquoise-fronted Amazon,1855,8.32
2549,Turquoise Jay,4938,22.14
2550,Turquoise Parrot,6612,29.65
2551,Turquoise Tanager,1115,5.00
2552,Twite,7812,35.03
2553,Two-barred Warbler,721,3.23
2554,Ultramarine Flycatcher,3196,14.33
2555,Ultramarine Grosbeak,1081,4.85
2556,Ultramarine Lorikeet,1115,5.00
2557,Upcher's Warbler,296,1.33
2558,Upland Buzzard,634,2.84
2559,Upland Goose,2742,12.30
2560,Upland Sandpiper,2454,11.00
2561,Ural Owl,3607,16.17
2562,Usambara Hyliota,367,1.65
2563,Variable Hawk,2091,9.38
2564,Variable Sunbird,915,4.10
2565,Variable Wheatear,2196,9.85
2566,Varied Bunting,1490,6.68
2567,Varied Thrush,3343,14.99
2568,Varied Tit,1647,7.39
2569,Variegated Flycatcher,484,2.17
2570,Vasa Parrot,2041,9.15
2571,Veery,3044,13.65
2572,Vegetarian Finch,1653,7.41
2573,Velvet Scoter,3179,14.26
2574,Venezuelan Troupial,730,3.27
2575,Verdin,7718,34.61
2576,Verditer Flycatcher,2350,10.54
2577,Vermilion Cardinal,3325,14.91
2578,Vervain Hummingbird,858,3.85
2579,Vesper Sparrow,2994,13.43
2580,Victoria's Riflebird,753,3.38
2581,Vilcabamba Inca,3357,15.05
2582,Village Weaver,3491,15.65
2583,Vinaceous Rosefinch,373,1.67
2584,Violaceous Euphonia,549,2.46
2585,Violaceous Trogon,679,3.04
2586,Violet-backed Starling,1322,5.93
2587,Violet-green Swallow,1253,5.62
2588,Violet Crow,1372,6.15
2589,Violet Cuckoo,1061,4.76
2590,Violet Sabrewing,1796,8.05
2591,Violet Turaco,2570,11.52
2592,Virginia Rail,5931,26.60
2593,Visayan Hornbill,1470,6.59
2594,Vogelkop Bowerbird,2713,12.17
2595,Volcano Hummingbird,1725,7.74
2596,Vulturine Guineafowl,1770,7.94
2597,Vulturine Parrot,976,4.38
2598,Wallcreeper,5297,23.75
2599,Wandering Albatross,2309,10.35
2600,Wandering Tattler,2612,11.71
2601,Warbling Vireo,2834,12.71
2602,Warsangli Linnet,588,2.64
2603,Water Pipit,3204,14.37
2604,Watercock,1928,8.65
2605,Waterfall Swift,3004,13.47
2606,Wattled Crane,2051,9.20
2607,Wattled Curassow,593,2.66
2608,Wattled Jacana,733,3.29
2609,Wattled Lapwing,4251,19.06
2610,Wattled Starling,727,3.26
2611,Waved Albatross,3765,16.88
2612,Wedge-rumped Storm-petrel,320,1.43
2613,Wedge-tailed Eagle,3009,13.49
2614,Wedge-tailed Shearwater,1515,6.79
2615,Weebill,2958.5,13.27
2616,Weka,11178,50.13
2617,Welcome Swallow,6244,28.00
2618,Western Bluebird,5063,22.70
2619,Western Capercaillie,1357,6.09
2620,Western Grebe,3147,14.11
2621,Western Gull,3140,14.08
2622,Western Kingbird,4503,20.19
2623,Western Koel,1452,6.51
2624,Western Meadowlark,4078,18.29
2625,Western Mountaineer,4186,18.77
2626,Western Parotia,1720,7.71
2627,Western Rosella,1867,8.37
2628,Western Sandpiper,2767,12.41
2629,Western Screech-owl,696,3.12
2630,Western Spindalis,752,3.37
2631,Western Spinebill,1087,4.87
2632,Western Tanager,2917,13.08
2633,Western Tragopan,3338,14.97
2634,Western Wattlebird,784,3.52
2635,Western Whipbird,552,2.48
2636,Western Wood-pewee,939,4.21
2637,Western Yellow Robin,1030,4.62
2638,Western Yellow Wagtail,1884,8.45
2639,Whimbrel,8962,40.19
2640,Whinchat,7310,32.78
2641,Whiskered Auklet,573,2.57
2642,Whiskered Pitta,547,2.45
2643,Whiskered Screech-owl,634,2.84
2644,Whiskered Tern,1513,6.78
2645,Whiskered Treeswift,1916,8.59
2646,Whistling Heron,1811,8.12
2647,Whistling Kite,7629,34.21
2648,White's Thrush,425,1.91
2649,White-backed Vulture,1581,7.09
2650,White-bellied Drongo,282,1.26
2651,White-bellied Go-away-bird,821,3.68
2652,White-bellied Heron,2442,10.95
2653,White-bellied Kingfisher,1112,4.99
2654,White-bellied Sea-eagle,1646,7.38
2655,White-breasted Nuthatch,2889,12.96
2656,White-breasted Waterhen,1761,7.90
2657,White-browed Tit-warbler,442,1.98
2658,White-browed Wagtail,1207,5.41
2659,White-cheeked Barbet,1132,5.08
2660,White-cheeked Starling,1546,6.93
2661,White-chinned Petrel,601,2.70
2662,White-collared Swift,420,1.88
2663,White-crested Elaenia,258,1.16
2664,White-crowned Pigeon,1030,4.62
2665,White-crowned Sparrow,3173,14.23
2666,White-eared Bulbul,546,2.45
2667,White-eared Hummingbird,589,2.64
2668,White-eyed River Martin,317,1.42
2669,White-eyed Vireo,1725,7.74
2670,White-faced Heron,1433,6.43
2671,White-faced Ibis,1296,5.81
2672,White-fronted Falconet,316,1.42
2673,White-headed Duck,981,4.40
2674,White-necked Jacobin,391,1.75
2675,White-necked Raven,976,4.38
2676,White-rumped Sandpiper,725,3.25
2677,White-rumped Seedeater,959,4.30
2678,White-rumped Shama,1916,8.59
2679,White-rumped Swift,1195,5.36
2680,White-rumped Vulture,830,3.72
2681,White-shouldered Ibis,368,1.65
2682,White-spectacled Bulbul,1188,5.33
2683,White-tailed Hawk,1961,8.79
2684,White-tailed Kite,2227,9.99
2685,White-tailed Lapwing,379,1.70
2686,White-tailed Ptarmigan,954,4.28
2687,White-tailed Tropicbird,1500,6.73
2688,White-throated Bee-eater,864,3.87
2689,White-throated Dipper,555,2.49
2690,White-throated Fantail,2072,9.29
2691,White-throated Kingfisher,1822,8.17
2692,White-throated Needletail,761,3.41
2693,White-throated Rail,229,1.03
2694,White-throated Robin,750,3.36
2695,White-throated Sparrow,2192,9.83
2696,White-throated Swallow,410,1.84
2697,White-throated Thrush,1128,5.06
2698,White-winged Chough,1778,7.97
2699,White-winged Dove,1640,7.35
2700,White-winged Flufftail,1097,4.92
2701,White-winged Parakeet,344,1.54
2702,White-winged Scoter,1597,7.16
2703,White-winged Tern,943,4.23
2704,White Bellbird,532.5,2.39
2705,White Cockatoo,1246,5.59
2706,White Hawk,14683,65.84
2707,White Ibis,9761,43.77
2708,White Stork,7084,31.77
2709,White Wagtail,4060,18.21
2710,White Woodpecker,5852,26.24
2711,Whitehead,8486,38.05
2712,Whooper Swan,5508,24.70
2713,Whooping Crane,5263,23.60
2714,Wild Turkey,8645,38.77
2715,Willet,5112,22.92
2716,Willie Wagtail,3579,16.05
2717,Willow Flycatcher,3513,15.75
2718,Willow Grouse,3912,17.54
2719,Willow Tit,7184,32.22
2720,Willow Warbler,4399,19.73
2721,Wilson's Phalarope,1070,4.80
2722,Wilson's Plover,981,4.40
2723,Wilson's Snipe,2272,10.19
2724,Wilson's Warbler,2008,9.00
2725,Wine-throated Hummingbird,590,2.65
2726,Winter Wren,5311,23.82
2727,Wonga Pigeon,2039,9.14
2728,Wood Duck,10519,47.17
2729,Wood Sandpiper,5056,22.67
2730,Wood Snipe,2763,12.39
2731,Wood Stork,4374,19.61
2732,Wood Thrush,5355,24.01
2733,Wood Warbler,1708,7.66
2734,Woodchat Shrike,1231,5.52
2735,Woodland Kingfisher,4063,18.22
2736,Woodlark,10523,47.19
2737,Woodpecker Finch,5257,23.57
2738,Worm-eating Warbler,1226,5.50
2739,Wreathed Hornbill,1252,5.61
2740,Wrentit,3086,13.84
2741,Wrinkled Hornbill,1568,7.03
2742,Wrybill,1438,6.45
2743,Yelkouan Shearwater,1726,7.74
2744,Yellow-bellied Flycatcher,2434,10.91
2745,Yellow-bellied Sapsucker,2204,9.88
2746,Yellow-bibbed Lory,1258,5.64
2747,Yellow-billed Cardinal,613,2.75
2748,Yellow-billed Cuckoo,2545,11.41
2749,Yellow-billed Kite,740,3.32
2750,Yellow-billed Loon,948,4.25
2751,Yellow-billed Magpie,1265,5.67
2752,Yellow-billed Oxpecker,571,2.56
2753,Yellow-billed Stork,1085,4.87
2754,Yellow-breasted Bunting,729,3.27
2755,Yellow-breasted Chat,942,4.22
2756,Yellow-browed Bunting,337,1.51
2757,Yellow-browed Warbler,1095,4.91
2758,Yellow-chevroned Parakeet,525,2.35
2759,Yellow-collared Lovebird,2051,9.20
2760,Yellow-crested Cockatoo,1187,5.32
2761,Yellow-crowned Amazon,868,3.89
2762,Yellow-crowned Bishop,1013,4.54
2763,Yellow-crowned Night-heron,1382,6.20
2764,Yellow-eared Parrot,844,3.78
2765,Yellow-eyed Penguin,1395,6.26
2766,Yellow-faced Grassquit,282,1.26
2767,Yellow-faced Honeyeater,674,3.02
2768,Yellow-green Finch,166,0.74
2769,Yellow-headed Amazon,1401,6.28
2770,Yellow-headed Blackbird,1019,4.57
2771,Yellow-legged Buttonquail,170,0.76
2772,Yellow-legged Gull,2150,9.64
2773,Yellow-naped Amazon,2595,11.64
2774,Yellow-rumped Honeyguide,506,2.27
2775,Yellow-throated Bunting,287,1.29
2776,Yellow-throated Vireo,2128,9.54
2777,Yellow-throated Warbler,1384,6.21
2778,Yellow-vented Bulbul,2070,9.28
2779,Yellow-wattled Lapwing,859,3.85
2780,Yellow-winged Blackbird,428,1.92
2781,Yellow-winged Cacique,706,3.17
2782,Yellow Bishop,5240,23.50
2783,Yellow Bittern,1937,8.69
2784,Yellow Bunting,5719,25.65
2785,Yellow Canary,14202,63.69
2786,Yellow Cardinal,2285,10.25
2787,Yellow Chat,6366,28.55
2788,Yellow Grosbeak,2392,10.73
2789,Yellow Honeyeater,2607,11.69
2790,Yellow Oriole,2428,10.89
2791,Yellow Rail,4761,21.35
2792,Yellow Thornbill,1727,7.74
2793,Yellow Tit,5359,24.03
2794,Yellow Wattlebird,1748,7.84
2795,Yellowhammer,1836,8.23
2796,Yellowhead,10189,45.69
2797,Yucatan Jay,2802,12.57
2798,Yunnan Nuthatch,524,2.35
2799,Zambian Barbet,506,2.27
2800,Zapata Rail,967,4.34
2801,Zebra Dove,7209,32.33
2802,Zenaida Dove,1987,8.91
2803,Zigzag Heron,388,1.74
2804,Zino's Petrel,700,3.14
2805,Zitting Cisticola,2673,11.99
2806,Zone-tailed Hawk,1231,5.52
2807,Eurasian Griffon,1184,5.31
2808,Ruppell's Griffon,491,2.20
2809,White-backed Vulture,1554,6.97
