keyword,lang
Ruppell's Chat,EN
Oberlander's Ground-Thrush,EN
Ruppell's Griffon,EN
White-backed Vulture,EN
Eurasian Griffon,EN
Ruppell's Parrot,EN
Luhder's Bushshrike,EN
Fulleborn's Boubou,EN
Ruppell's Warbler,EN
Kruper's Nuthatch,EN
Ruppell's Starling,EN
Ruck's Blue Flycatcher,EN
Ruppell's Robin-Chat,EN
Ruppell's Weaver,EN
Fulleborn's Longclaw,EN
Bohm's Bee-eater,EN
Sjostedt's Greenbul,EN
Alstrom's Warbler,EN
Bianchi's Warbler,EN
Martens's warbler,EN
Bohm's Flycatcher,EN
Alcion Picociguena,ES
Arao de Brunnich,ES
Azor de Burgers,ES
Bisbita de Fulleborn,ES
Bubu de Fulleborn,ES
Bubu de Luhder,ES
Chirigue Austral,ES
Chirigue Azafranado,ES
Chirigue Cabecigualdo,ES
Chirigue Citrino,ES
Chirigue de Monte,ES
Chirigue de Raimondi,ES
Chirigue de Taczanowski,ES
Chirigue Frentinaranja,ES
Chirigue Grande,ES
Chirigue Olivaceo,ES
Chirigue Puneno,ES
Chirigue Sabanero,ES
Ciguena Blanca,ES
Ciguena de Abdim,ES
Ciguena de Storm,ES
Ciguena Lanuda Asiatica,ES
Ciguena Maguari,ES
Ciguena Negra,ES
Ciguena Oriental,ES
Ciguenuela Comun,ES
Ciguenuela Negra,ES
Ciguenuela Pechirroja,ES
Colirrojo de Guldenstadt,ES
Cosifa de Ruppell,ES
Estornino de Ruppell,ES
Lorito de Ruppell,ES
Loro de Muller,ES
Papamoscas de Ruck,ES
Paraguero Corbatudo,ES
Paraguero Cuellicalvo,ES
Paraguero Ornado,ES
Pinguino Barbijo,ES
Pinguino de Adelia,ES
Pinguino de El Cabo,ES
Pinguino de Fiordland,ES
Pinguino de Galapagos,ES
Pinguino de Humboldt,ES
Pinguino de Las Snares,ES
Pinguino de Schlegel,ES
Pinguino de Sclater,ES
Pinguino Emperador,ES
Pinguino Enano,ES
Pinguino Juanito,ES
Pinguino Macaroni,ES
Pinguino Magallanico,ES
Pinguino Ojigualdo,ES
Pinguino Rey,ES
Pinguino Saltarrocas Meridional,ES
Pinguino Saltarrocas Septentrional,ES
Semillero Nicaraguense,ES
Tejedor de Ruppell,ES
Tordo Guirahuro,ES
Trepador de Kruper,ES
Zanate Nicaraguense,ES
Zorzal Hormiguero de Ruppell,ES
Zorzal Hormiguero de Ruppell,ES
Vencejo de Bohm,ES
Abejaruco de Bohm,ES
Curruca de Bohm,ES
Papamoscas de Bohm,ES
Autour de Burgers,FR
Carpophage de Muller,FR
Choucador de Ruppell,FR
Colibri de Stubel,FR
Cossyphe de Ruppell,FR
Eurocephale de Ruppell,FR
Fauvette de Ruppell,FR
Gobemouche de Ruck,FR
Gonolek de Fulleborn,FR
Gonolek de Fulleborn,FR
Gonolek de Luhder,FR
Grive d'Oberlander,FR
Grive d'Oberlander,FR
Guillemot de Brunnich,FR
Guillemot de Brunnich,FR
Guillemot marmette,FR
Outarde de Ruppell,FR
Perroquet de Ruppell,FR
Perruche de Muller,FR
Prinia de Ruppell,FR
Prinia de Ruppell,FR
Rougequeue de Guldenstadt,FR
Rougequeue de Guldenstadt,FR
Ruppell's Bustard,FR
Sentinelle de Fulleborn,FR
Sittelle de Kruper,FR
Sittelle de Kruper,FR
Souimanga de Fulleborn,FR
Tisserin de Ruppell,FR
Traquet de Ruppell,FR
Vautour africain,FR
Vautour de Ruppell,FR
Vautour fauve,FR
Martinet de Bohm,FR
Guepier de Bohm,FR
